"";""
1;"Die Macher"
2;"Dragonmaster"
3;"Samurai"
5;"Acquire"
7;"Cathedral"
9;"El Caballero"
10;"Elfenland"
11;"Bohnanza"
12;"Ra"
13;"Catan"
14;"Basari"
15;"Cosmic Encounter"
16;"MarraCash"
17;"Button Men"
18;"Robo Rally"
19;"Wacky Wacky West"
20;"Full Metal Planète"
22;"Magic Realm"
23;"Divine Right"
24;"Twilight Imperium"
26;"Age of Renaissance"
27;"Supremacy"
28;"Illuminati:  Deluxe Edition"
30;"Dark Tower"
31;"Dark World"
34;"Arkham Horror"
36;"Federation & Empire"
41;"Can't Stop"
42;"Tigris & Euphrates"
44;"David & Goliath"
45;"Liar's Dice"
46;"Medici"
47;"Chinatown"
48;"Krieg und Frieden"
49;"Mamma Mia!"
50;"Lost Cities"
51;"Ricochet Robots"
52;"Mighty Empires"
54;"Tikal"
57;"Schoko & Co."
58;"Kings & Things"
59;"Giganten"
60;"Vinci"
61;"Fossil"
63;"Samurai"
64;"Joan of Arc"
66;"Löwenherz"
67;"Conquest"
68;"Successors (second edition)"
70;"Big City"
71;"Civilization"
72;"Verräter"
73;"Show Manager"
74;"Apples to Apples"
75;"Falling"
76;"Air Baron"
77;"EastFront"
82;"Bobby Lee"
84;"Rommel in the Desert"
85;"Quebec 1759"
88;"Torres"
89;"Blue vs. Gray"
90;"Star Wars: Episode 1 – Clash of the Lightsabers"
91;"Paths of Glory"
93;"El Grande"
94;"Union Pacific"
95;"Igel Ärgern"
97;"Conquest of the Empire"
98;"Axis & Allies"
99;"Fortress America"
101;"Detroit-Cleveland Grand Prix"
102;"Klunker"
103;"Titan"
105;"Colossal Arena"
106;"Mystery Rummy: Jack the Ripper"
108;"TAMSK"
109;"Wettstreit der Baumeister"
110;"Auf Achse"
111;"Rheinländer"
112;"Condottiere"
115;"I'm the Boss!"
116;"Guillotine"
117;"Ta Yü"
118;"Modern Art"
119;"Kingdoms"
120;"Hoity Toity"
121;"Dune"
122;"Quo Vadis?"
124;"Primordial Soup"
125;"Money!"
126;"The Really Nasty Horse Racing Game"
128;"Take it Easy!"
130;"Iron Dragon"
132;"Caesar & Cleopatra"
134;"Cape Horn"
135;"Kontor"
137;"Pass the Bomb"
140;"Pit"
141;"Andromeda"
142;"Vino"
145;"Metropolis"
146;"Buy Low Sell High"
147;"Crude: The Oil Game"
150;"PitchCar"
152;"Mü & More"
153;"Take 5!"
155;"Was sticht?"
156;"Wildlife Adventure"
157;"Eurorails"
162;"The Awful Green Things From Outer Space"
163;"Balderdash"
164;"James Ernest's Totally Renamed Spy Game"
165;"Black Box"
168;"Empire Builder"
169;"En Garde"
170;"Family Business"
171;"Chess"
172;"For Sale"
173;"Formula Dé"
175;"Raj"
176;"Give Me the Brain!"
181;"Risk"
182;"Knights of Charlemagne"
185;"Devil Bunny Needs a Ham"
188;"Go"
189;"Die Siedler von Nürnberg"
192;"Nicht die Bohne!"
193;"Fill or Bust"
194;"Groo: The Game"
196;"Kremlin"
199;"Manhattan"
200;"Entdecker"
201;"The Rose King"
202;"Targui"
204;"Stephensons Rocket"
210;"Don Pepe"
214;"Café International"
215;"Tichu"
216;"Atlanteon"
217;"A la carte"
218;"High-Bid"
220;"High Society"
221;"Ikusa"
222;"Space Beans"
223;"Expedition"
224;"History of the World"
225;"Icehouse"
227;"Knightmare Chess"
228;"Lunch Money"
229;"King of the Elves"
230;"Merchant of Venus"
232;"Serenissima (first edition)"
234;"Hannibal: Rome vs. Carthage"
235;"Blackbeard"
237;"Wooden Ships & Iron Men"
240;"Britannia"
242;"Junta"
243;"Advanced Squad Leader"
244;"Circus Maximus"
247;"Gloria Picktoria"
248;"Blood Royale"
249;"Lifeboats"
250;"Colonial Diplomacy"
254;"Empires in Arms"
256;"Mississippi Queen"
257;"Kill Doctor Lucky"
258;"Fluxx"
259;"Atlantic Storm"
263;"Manitou"
264;"Enemy in Sight"
265;"Intrigue"
267;"Tycoon"
270;"Svea Rike"
274;"Guerilla"
277;"Res Publica"
278;"Catan Card Game"
279;"The Very Clever Pipe Game"
283;"Advanced Third Reich"
286;"Machiavelli"
287;"Bazaar"
290;"Gold Digger"
293;"Bamboleo"
296;"Medieval Merchant"
299;"De Bellis Antiquitatis"
300;"Tutankhamen"
301;"Campanile"
302;"Forum Romanum"
310;"Wizard's Quest"
311;"Time Agent"
312;"Landlord!"
320;"Scrabble"
321;"The Mole in the Hole"
322;"Tonga Bonga"
327;"Loopin' Louie"
329;"Russian Front"
330;"Block Mania"
333;"Waterworks"
334;"Advance to Boardwalk"
335;"Breakthru"
336;"Jumpin"
337;"Circus Flohcati"
338;"Bargain Hunter"
339;"Quiddler"
340;"Frank's Zoo"
348;"Merchants of the Middle Ages"
349;"Halunken & Spelunken"
352;"Trumpet"
353;"Inkognito: The Card Game"
354;"Sticheln"
357;"Excape"
359;"Bucket Brigade"
360;"Quests of the Round Table"
361;"Hare & Tortoise"
363;"Katzenjammer Blues"
364;"Samarkand"
368;"Relationship Tightrope"
371;"Mystery Rummy: Murders in the Rue Morgue"
372;"Schotten Totten"
379;"Express"
380;"Polarity"
382;"Heimlich & Co."
384;"TurfMaster"
386;"Pirateer"
387;"Corruption"
392;"Brawl"
393;"Dinosaurs of the Lost World"
394;"Kahuna"
397;"Diskwars"
398;"Wildlife Safari"
403;"Elk Fest"
404;"Worm Up!"
417;"Edison & Co."
420;"Rail Baron"
421;"1830: Railways & Robber Barons"
422;"1835"
423;"1856"
424;"1870"
426;"Battle of the Bulge"
427;"Grass"
431;"Alhambra: The Card Game"
432;"6 nimmt!"
433;"Shark"
436;"Canyon"
437;"Master Labyrinth"
438;"Scotland Yard"
441;"Filthy Rich"
442;"Um Reifenbreite"
443;"Code 777"
444;"Midnight Party"
450;"Octi"
458;"Sherlock Holmes: The Card Game"
460;"Railway Rivals"
463;"Magic: The Gathering"
464;"High Tail It!"
466;"Inkognito"
470;"Road to the White House"
472;"DungeonQuest"
475;"Taj Mahal"
476;"Mr. President"
478;"Citadels"
481;"Carolus Magnus"
482;"Sky Runner"
483;"Diplomacy"
484;"Stratego Legends"
485;"Galloping Pigs"
491;"Web of Power"
492;"Aladdin's Dragons"
494;"Ave Caesar"
497;"Vampire"
503;"Through the Desert"
506;"The Big Cheese"
508;"Blue Max"
509;"The Reef"
511;"Silverton"
514;"True Colors"
520;"Axis & Allies: Europe"
521;"Crokinole"
524;"Desperados"
526;"Abalone"
527;"GIPF"
528;"ZÉRTZ"
531;"Merchants of Amsterdam"
533;"Labyrinth: The Card Game"
534;"N.Y. Chase"
539;"Dampfross"
542;"Democrazy"
545;"Kaleidos"
548;"Buck Rogers: Battle for the 25th Century Game"
550;"Barbarossa"
551;"Battle Cry"
552;"Bus"
553;"Chez Geek"
554;"La Città"
555;"The Princes of Florence"
559;"Metro"
562;"Silberzwerg"
568;"Rage"
581;"Tile Chess"
586;"Up Front"
589;"Wiz-War"
590;"Mille Bornes"
592;"Spades"
594;"Sleuth"
607;"Honor of the Samurai"
619;"The Bottle Imp"
620;"We the People"
621;"25 Words or Less"
624;"Quoridor"
626;"War and Peace"
631;"Daytona 500"
632;"Cloud 9"
633;"Elixir"
634;"River Dragons"
635;"Formula Motor Racing"
638;"Hera and Zeus"
639;"American Megafauna"
644;"Shipwrecked"
645;"Bosworth"
651;"Zero"
655;"Castle"
661;"Where's Bob's Hat?"
669;"Plague & Pestilence"
670;"Starship Troopers"
677;"Would You Rather...?"
681;"Quarto!"
684;"Monopoly: The Card Game"
686;"Dr. Jekyll & Mr. Hyde"
691;"Timbuktu"
692;"Wizard Kings"
696;"The Big Idea"
697;"Conspiracy"
699;"HeroQuest"
700;"Battle Masters"
701;"A House Divided"
704;"Montgolfiere"
706;"Frederick the Great"
710;"Snit's Revenge"
712;"Blood Bowl (Third Edition)"
713;"Nuclear War"
714;"Talisman"
715;"Escape from Colditz"
718;"Galaxy: The Dark Ages"
719;"Tyranno Ex"
723;"X-Men Alert"
730;"Breakout: Normandy"
746;"The Game of France\, 1940: German Blitzkrieg in the West"
747;"Bitter Woods"
748;"Trax"
751;"Minos"
753;"Panzerkrieg"
755;"Thunder at Cassino"
759;"Turning Point: Stalingrad"
760;"Battle Line"
764;"Mad Gab"
766;"Regatta"
770;"Loot"
782;"Win\, Place & Show"
788;"Tales of the Arabian Nights"
789;"Focus"
793;"Yahtzee Deluxe Poker"
794;"Foil"
795;"Dragonlance"
798;"Ace of Aces: Handy Rotary Series"
803;"Dragonhunt"
804;"Thunder Road"
805;"Buffy the Vampire Slayer: The Game"
811;"Rummikub"
814;"Aquarius"
815;"Chrononauts"
816;"2038: Tycoons of the Asteroid Belt"
822;"Carcassonne"
823;"Lord of the Rings"
825;"Screaming Eagles"
826;"Cartagena"
827;"Attila"
828;"Wizards"
831;"Schrille Stille"
833;"For the People"
834;"Chronology"
840;"Corsairs"
847;"Feudal"
854;"Doge"
855;"Java"
859;"Illuminati"
861;"Weapons & Warriors: Castle Combat Set"
864;"Mage Knight"
870;"Empires of the Ancient World"
872;"M"
875;"Roads & Boats"
878;"Wyatt Earp"
883;"Ivanhoe"
884;"Way Out West"
891;"Cranium"
902;"Meuterer"
903;"Hamsterrolle"
904;"Dream Factory"
908;"Tally Ho!"
911;"Empires of the Middle Ages"
912;"Pacific Victory"
915;"Mystery of the Abbey"
917;"Rack-O"
923;"Breakaway Rider"
925;"Werewolf"
929;"The Great Dalmuti"
932;"Top Race"
935;"Australian Rails"
936;"The Fury of Dracula"
938;"Enchanted Forest"
939;"Star Wars: The Queen's Gambit"
941;"Turbo Taxi"
943;"Ligretto"
949;"Twixt"
950;"Dia de los Muertos"
951;"Football Strategy"
963;"The Gardens of the Alhambra"
965;"Ben Hurt"
980;"Al Cabohne"
982;"Amoeba Wars"
983;"Tangoes"
986;"Babel"
987;"Kingmaker"
988;"Zapp Zerapp"
1002;"Cosmic Eidex"
1017;"Fresh Fish"
1032;"B-17: Queen of the Skies"
1035;"Squad Leader"
1036;"Speculation"
1037;"Deadlands: Doomtown"
1038;"Tantrix"
1041;"San Marco"
1042;"Dragon's Gold"
1044;"Gunslinger"
1070;"Waldschattenspiel"
1098;"Judge Dredd"
1099;"Down Fall"
1107;"Nyet!"
1111;"Taboo"
1115;"Poker"
1117;"You're Bluffing!"
1125;"Big Shot"
1126;"Car Wars: The Card Game"
1143;"Warrior Knights"
1144;"The Warlock of Firetop Mountain"
1146;"Shadowlord!"
1147;"Outrage! Steal the Crown Jewels"
1149;"Dragon Strike"
1150;"Lionheart"
1152;"The Mystic Wood"
1155;"Capitol"
1157;"Save Doctor Lucky"
1159;"Evo"
1187;"The Fellowship of the Ring"
1188;"Chaos Marauders"
1190;"Continuo"
1194;"Speed Circuit"
1197;"Blink"
1198;"SET"
1202;"The Sorcerer's Cave"
1203;"Witch Trial"
1206;"Venture"
1209;"Pax Britannica"
1210;"Cults Across America"
1212;"Nuclear Proliferation"
1218;"Junior Labyrinth"
1219;"Labyrinth"
1231;"Bausack"
1233;"Facts in Five"
1234;"Once Upon a Time: The Storytelling Card Game"
1245;"Isis & Osiris"
1250;"Hacker"
1253;"Limits"
1254;"Crack the Case"
1257;"Starbase Jeff"
1258;"Phase 10"
1260;"Rook"
1261;"Medina"
1262;"Axis & Allies: Pacific"
1263;"Knatsch"
1265;"Mystery Rummy: Jekyll & Hyde"
1269;"Skip-Bo"
1270;"Star Wars Customizable Card Game"
1275;"221B Baker Street: The Master Detective Game"
1289;"Smess: The Ninny's Chess"
1293;"Boggle"
1294;"Clue"
1295;"Pente"
1297;"Trivial Pursuit: Star Wars Classic Trilogy Collector's Edition"
1298;"Monopoly: Star Wars"
1299;"Trivial Pursuit: Genus IV"
1301;"Netrunner"
1302;"Cosmic Wimpout"
1308;"Confusion"
1309;"Die Magier von Pangea"
1315;"Africa"
1323;"Cry Havoc"
1324;"Café International: Das Kartenspiel"
1330;"Savannah Café"
1333;"Boom-O"
1334;"Entdecker: Exploring New Horizons"
1338;"Volldampf"
1339;"Dungeon!"
1345;"Genoa"
1350;"Das Amulett"
1353;"Time's Up!"
1370;"The Classic Dungeon"
1371;"Mustangs"
1372;"Rise of the Luftwaffe"
1376;"Don"
1379;"Ebbe & Flut"
1381;"Pokémon Master Trainer"
1382;"Winner's Circle"
1403;"Turn the Tide"
1406;"Monopoly"
1408;"Gammarauders"
1410;"Trouble"
1413;"Attack Sub"
1417;"Alibi"
1419;"Pylos"
1420;"Monopoly Express"
1421;"Lost Worlds"
1423;"Storm over Arnhem"
1425;"Raid on St. Nazaire"
1426;"Lord of the Rings: The Search"
1430;"Caesar at Alesia"
1431;"War at Sea (second edition)"
1435;"4000 A.D."
1436;"Billionaire"
1439;"Penguin Pile-Up"
1442;"Victory in the Pacific"
1444;"SPQR"
1445;"Canasta Caliente"
1448;"Freight Train"
1452;"Mhing"
1459;"Sharp Shooters"
1463;"Girl Genius: The Works"
1465;"Wizard"
1471;"Gangsters"
1472;"Five Crowns"
1475;"Careers"
1484;"Clue: The Great Museum Caper"
1489;"Deadwood Studios USA"
1491;"Outpost"
1493;"1853"
1496;"Imperium Romanum II"
1497;"Dino Hunt"
1498;"Paydirt"
1499;"World in Flames"
1501;"Masterpiece"
1502;"Hotel Tycoon"
1506;"Conquistador"
1508;"Broadside"
1509;"Dogfight"
1511;"Outdoor Survival"
1513;"The Republic of Rome"
1515;"Upwords"
1518;"Executive Decision"
1520;"Monad"
1525;"Dixie: Bull Run"
1533;"Ghost Chase"
1535;"Formula-1"
1536;"Lord of the Fries"
1540;"BattleTech"
1543;"Dragon Quest"
1544;"Beyond Balderdash"
1545;"Flowerpower"
1549;"Password"
1552;"Illuminati: New World Order"
1555;"Dungeon Dice"
1558;"Rogue Trooper"
1561;"Clue Master Detective"
1563;"Rise and Decline of the Third Reich"
1568;"Space Crusade"
1574;"Tactics II"
1575;"Gettysburg (1977 Edition)"
1576;"Gettysburg (125th Anniversary edition)"
1577;"Source of the Nile"
1585;"Burma"
1586;"The Hobbit Adventure Boardgame"
1589;"Star Fleet Battles"
1590;"Stocks & Bonds"
1591;"Ploy"
1593;"Down with the King"
1597;"Streetcar"
1602;"The Royal Game of Ur"
1604;"The Mad Magazine Game"
1607;"Blurt!"
1608;"Ambush!"
1613;"Which Witch?"
1621;"Mutant Chronicles: Siege of the Citadel"
1629;"Air War: Modern Tactical Air Combat"
1631;"Barbarian Prince"
1634;"Warhammer Quest"
1645;"War of 1812"
1662;"Napoleon: The Waterloo Campaign\, 1815"
1663;"Clue: Dungeons & Dragons"
1666;"Battle Hymn"
1668;"Modern Naval Battles"
1669;"Mosby's Raiders"
1674;"Naval War"
1678;"Peloponnesian War"
1679;"Carrier"
1681;"Tokyo Express"
1690;"Unexploded Cow"
1693;"Gladiator"
1695;"The Legend of Robin Hood"
1697;"Hundred Days Battles"
1701;"Toscana"
1705;"Slapshot"
1708;"Stellar Conquest"
1710;"The Siege of Jerusalem (second edition)"
1711;"Richthofen's War"
1716;"Knights of the Air"
1717;"Freedom in the Galaxy"
1720;"Dragon Pass"
1722;"Caesar's Legions"
1726;"Alexander the Great"
1748;"A Question of Scruples"
1751;"Jumanji"
1758;"Advanced Heroquest"
1768;"Fireball Island"
1770;"Aliens"
1771;"Cosmic Coasters"
1783;"The Creature That Ate Sheboygan"
1797;"Pay Day"
1799;"Warlord: Saga of the Storm"
1800;"Mythos"
1814;"Dilbert: Corporate Shuffle"
1821;"Grant Takes Command"
1822;"Wilderness War"
1824;"Trump: The Game"
1826;"Whatzit?"
1827;"Chainsaw Warrior"
1829;"Risk 2210 A.D."
1830;"Nippon Rails"
1833;"The Willow Game"
1835;"Scrutineyes"
1836;"Solarquest"
1837;"Word Yahtzee"
1855;"Hedbanz: Identity Crisis Game"
1859;"Doomtrooper"
1860;"Dragon Dice"
1873;"Babylon 5 Component Game System: Core Sets"
1877;"Pig Pile"
1881;"Atmosfear: The Harbingers"
1883;"Cataphract"
1887;"Legend of the Five Rings"
1894;"War Galley"
1897;"Starfarers of Catan"
1899;"13 Dead End Drive"
1915;"Middle-Earth"
1917;"Stratego"
1919;"D-Day (second edition)"
1923;"MindTrap"
1927;"Munchkin"
1931;"Anti-Monopoly"
1933;"Key to the Kingdom"
1943;"This Game is Bonkers!"
1950;"The Mysteries of Peking"
1958;"The Game of Nations"
1962;"Tribond"
1964;"Campaign"
1970;"Oh-Wah-Ree"
1982;"Black Spy"
1986;"Spy Alley"
1992;"Stop Thief"
2001;"Trivial Pursuit: Family Edition"
2004;"Titanic: The Board Game"
2025;"Frag"
2043;"Shogun"
2047;"Up the Creek"
2060;"Probe"
2061;"A Line in the Sand: The Battle of Iraq"
2063;"The Great Khan Game"
2065;"Shogi"
2073;"Sixth Fleet"
2076;"Gulf Strike"
2077;"Hell's Highway"
2079;"NATO: The Next War in Europe"
2080;"Central America"
2081;"The Civil War"
2082;"Shell Shock!"
2083;"Checkers"
2086;"Elfer raus!"
2087;"Magic Dance"
2093;"Mahjong"
2114;"Duck\, Duck\, Bruce"
2115;"Free Parking"
2119;"221B Baker St.: Sherlock Holmes & the Time Machine"
2122;"Vampire: The Eternal Struggle"
2127;"Overpower"
2129;"Crossbows and Catapults"
2133;"Rage"
2136;"Pachisi"
2139;"X-Files"
2149;"Renfield"
2150;"London's Burning"
2162;"Warhammer 40\,000"
2163;"Space Hulk"
2165;"Pokémon Trading Card Game"
2166;"Wyvern"
2168;"Hitler's War"
2173;"4 Player Chess"
2179;"Musketeers"
2181;"Bridge"
2192;"Rivets"
2197;"Kensington"
2199;"Thinking Man's Golf"
2212;"eBay Electronic Talking Auction Game"
2223;"UNO"
2228;"War of the Ring"
2234;"Chez Dork"
2238;"PanzerBlitz"
2240;"Mad Magazine Card Game"
2242;"Creatures & Cultists"
2243;"Yahtzee"
2247;"Zero!"
2250;"Midway"
2251;"Strat-O-Matic Baseball"
2253;"Touring"
2259;"Afrika Korps"
2265;"Ultimate Stratego"
2266;"Gobblet"
2272;"Aggravation"
2281;"Pictionary"
2288;"Blood Bowl (Second Edition)"
2290;"Ghosts!"
2294;"Flinch"
2296;"Bermuda Triangle"
2301;"The New Dungeon!"
2316;"X-Bugs"
2318;"Scrabble Junior"
2322;"Malefiz"
2324;"Last Frontier: The Vesuvius Incident"
2338;"Starship Catan"
2342;"Mystery Mansion"
2346;"DVONN"
2350;"Eureka"
2363;"Orient Express"
2366;"Quinto"
2368;"Battlecars"
2375;"Sequence"
2379;"Guesstures"
2381;"Scattergories"
2386;"Chinese Checkers"
2387;"Huggermugger"
2389;"Othello"
2392;"Mastermind"
2393;"Xiangqi"
2394;"Dominoes"
2396;"Ur: 1830 BC"
2397;"Backgammon"
2398;"Cribbage"
2399;"Senet"
2407;"Sorry!"
2409;"Duell"
2422;"Bismarck"
2425;"Battleship"
2428;"Battle-Cry"
2447;"World War II: European Theater of Operations"
2448;"Mancala"
2452;"Jenga"
2453;"Blokus"
2455;"India Rails"
2456;"The Hobbit: The Defeat of Smaug"
2470;"The Extraordinary Adventures of Baron Munchausen"
2471;"Zombies!!!"
2472;"Grave Robbers From Outer Space"
2476;"Industrial Waste"
2484;"Journey Through Europe"
2507;"Liberté"
2511;"Sherlock Holmes Consulting Detective"
2516;"Man O' War"
2521;"Nexus"
2524;"StarForce 'Alpha Centauri': Interstellar Conflict in the 25th Century"
2529;"Flat Top"
2533;"Kupferkessel Co."
2535;"Valley of the Mammoths"
2536;"Vabanque"
2537;"Draco & Co"
2539;"Urland"
2541;"Cosmic Cows"
2542;"Gargon"
2543;"Pompeji"
2555;"Vom Kap bis Kairo"
2557;"Castle Risk"
2569;"Pick Picknic"
2570;"Atlantic Star"
2573;"Rivers\, Roads & Rails"
2578;"Phase 10 Dice"
2582;"Catch Phrase!"
2593;"Pass the Pigs"
2596;"Villa Paletti"
2598;"Tank Battle"
2603;"The Lord of the Rings Trading Card Game"
2604;"Compatibility"
2607;"Totopoly"
2608;"King Oil"
2612;"18AL"
2629;"Ramses II"
2633;"Dog"
2638;"Clash of Giants"
2639;"Panzer Leader"
2640;"Babylon 5 Collectible Card Game"
2651;"Power Grid"
2652;"Wise and Otherwise"
2653;"Survive: Escape from Atlantis!"
2655;"Hive"
2669;"Frog Juice"
2672;"Der Herr der Ringe: Die Gefährten – Das Kartenspiel"
2678;"Voyage of the B.S.M. Pandora"
2679;"Mouse Trap"
2689;"British Rails"
2718;"War! Age of Imperialism"
2719;"Connect Four"
2748;"Thirty Years War: Europe in Agony\, 1618-1648"
2749;"The American Civil War"
2750;"Imaginiff"
2767;"Snail's Pace Race"
2770;"Stay Alive"
2771;"Maginor"
2773;"Knights of the Dinner Table: HACK!"
2781;"My Word!"
2795;"Car Wars"
2800;"The Ironclads"
2808;"The Russian Campaign"
2817;"Delta V"
2818;"UNO Attack!"
2819;"Trivial Pursuit: Genus 5"
2821;"UNO Stacko"
2838;"Loaded Questions"
2842;"TransAmerica"
2872;"Terrace"
2876;"Mage Knight Dungeons"
2878;"ThinkBlot"
2879;"Encore"
2891;"Starfire"
2903;"The Hunt for Red October"
2904;"John Prados' Third Reich"
2921;"The Game of Life"
2932;"Hnefatafl"
2940;"A Dog's Life"
2944;"Halli Galli"
2947;"Broker"
2952;"Trivial Pursuit"
2955;"Mexica"
2956;"Dirty Minds: The Game of Naughty Clues"
2960;"Camden"
2961;"Confusion:  Espionage and Deception in the Cold War"
2962;"Inner Circle"
2968;"Ka-Ching!"
2972;"Fantasy Business"
2975;"Origins of World War II"
2978;"Stratego 4"
2987;"Pirate's Cove"
2997;"Soldier Kings"
2998;"Reds! The Russian Civil War 1918-1921"
3022;"Clue VCR Mystery Game"
3040;"Star Trek: Starship Tactical Combat Simulator"
3041;"Panzergruppe Guderian"
3044;"Air Assault On Crete/Invasion of Malta: 1942"
3048;"Trivial Pursuit: Millennium Edition"
3052;"Sim City: The Card Game"
3061;"Samurai"
3071;"Blood Bowl (first edition)"
3072;"Necromunda"
3076;"Puerto Rico"
3083;"Submarine"
3085;"Gang of Four"
3086;"The Omega Virus"
3095;"Star Trek: The Adventure Game"
3099;"Gettysburg"
3114;"Poleconomy"
3125;"7th Sea Collectible Card Game"
3128;"Clippers"
3133;"Captain Park's Imaginary Polar Expedition"
3137;"Anno Domini: Erfindungen"
3139;"Goldland"
3141;"The Bucket King"
3154;"Nautilus"
3181;"Farkle"
3190;"Quixo"
3201;"Lord of the Rings: The Confrontation"
3202;"RAF"
3208;"Dragonland"
3218;"The Arab-Israeli Wars"
3225;"Sherlock Holmes Consulting Detective: The Queen's Park Affair"
3228;"Pueblo"
3230;"Tyros"
3234;"Dschunke"
3236;"WildLife"
3242;"Clash of the Gladiators"
3243;"Wooly Bully"
3251;"Barbarian Kings"
3267;"Pizarro & Co."
3269;"Clue: The Card Game"
3284;"Star Wars: Epic Duels"
3307;"Wallenstein (first edition)"
3309;"Air Cav"
3312;"1776"
3318;"Heave Ho!"
3320;"The Game of Life: A Jedi's Path"
3321;"Die Pyramiden des Jaguar"
3337;"Lobo 77"
3341;"Burn Rate"
3343;"Go For Broke"
3347;"Solo"
3348;"Santa Fe Rails"
3353;"World War II: Barbarossa to Berlin"
3377;"20 Questions"
3383;"Die heisse Schlacht am kalten Buffet"
3385;"Stratego: Star Wars"
3394;"Monopoly: The Simpsons"
3404;"The Legend of Landlock"
3408;"This Accursed Civil War"
3409;"The Napoleonic Wars"
3412;"Brandywine"
3413;"Saratoga"
3421;"StreetSoccer"
3422;"Fantasy"
3439;"HeroClix"
3452;"Emerald"
3464;"Melee"
3466;"WarpWar"
3475;"Shadowfist"
3487;"BattleTech CCG"
3495;"Harry Potter Trading Card Game"
3507;"By Golly!"
3510;"Battle of the Sexes"
3518;"Napoleon in Europe"
3522;"LCR"
3529;"Vampire Hunter"
3534;"Star Trader"
3548;"Assault on Hoth: The Empire Strikes Back"
3553;"Close Action"
3562;"Theophrastus"
3563;"The Lord of the Rings: The Fellowship of the Ring"
3565;"Mordheim: City of the Damned"
3567;"Roller Coaster Tycoon"
3570;"Chicken Cha Cha Cha"
3573;"Napoleon at Waterloo"
3577;"Terrible Swift Sword"
3585;"Sorcerer"
3586;"Sherlock"
3593;"Star Wars: Star Warriors"
3595;"Squint"
3602;"Kriegspiel"
3605;"The Third World War"
3608;"Air Force"
3632;"Too Many Cooks"
3633;"Sid Meier's Civilization: The Boardgame"
3646;"Luftwaffe"
3655;"The Settlers of Canaan"
3656;"Score Four"
3661;"Imperium"
3676;"Global Pursuit"
3679;"Ramparts"
3685;"Hammer of the Scots"
3692;"Firepower"
3699;"Killer Bunnies and the Quest for the Magic Carrot"
3702;"Topple"
3706;"Batik"
3707;"Red Storm Rising"
3710;"MBT"
3711;"Flight Leader"
3712;"Tac Air"
3720;"Subbuteo"
3725;"Qwitch"
3728;"Ker Plunk"
3730;"Statis Pro Baseball"
3737;"Operation"
3800;"Himalaya"
3801;"When Darkness Comes"
3804;"Slamwich"
3818;"Alias"
3828;"Locomotive Werks"
3837;"Rat-a-Tat Cat"
3845;"Yahtzee Jr."
3852;"Star Trek: Customizable Card Game (first edition)"
3855;"Crimson Skies"
3864;"Mechwarrior: Dark Age"
3870;"7 Ages"
3874;"Ultimate Mastermind"
3886;"Nine Men's Morris"
3893;"Full Thrust"
3895;"Silent Death"
3921;"Street Illegal"
3931;"Mare Nostrum"
3934;"Bowling Dice"
3947;"Cannibal Pygmies in the Jungle of Doom"
3955;"BANG!"
3967;"Battlefleet Gothic"
3972;"Catan: Portable Edition"
3986;"Battle for Germany"
3990;"Fact or Crap"
4001;"Space Marine"
4014;"Dawn Patrol"
4035;"Man Bites Dog"
4040;"Tri-Ominos"
4047;"Across 5 Aprils"
4050;"Fortress Europa"
4052;"Star Wars: Trading Card Game"
4077;"Who Wants to Be a Millionaire"
4085;"Leningrad"
4090;"2nd Fleet"
4095;"Star Munchkin"
4098;"Age of Steam"
4099;"Keythedral"
4102;"Europa Universalis"
4143;"Guess Who?"
4146;"Arcola: The Battle for Italy\, 1796"
4154;"Yu-Gi-Oh! Trading Card Game"
4168;"Blitzkrieg"
4173;"Anzio"
4174;"Lifeboat"
4192;"Warhammer"
4200;"Black Wednesday"
4204;"Tunisia"
4209;"Monza"
4211;"Stonewall Jackson's Way"
4212;"Here Come the Rebels"
4218;"O Zoo le Mio"
4221;"Quest for the Dragonlords"
4229;"Spellfire"
4230;"Napoleon's Last Battles"
4249;"Trias"
4258;"Totaler Krieg!"
4282;"Greed"
4286;"A Game of Thrones Collectible Card Game"
4318;"Cannes: Stars\, Scripts and Screens"
4323;"VOC! Founding the Dutch East Indies Company"
4324;"Risk: The Lord of the Rings"
4327;"War & Sheep"
4346;"Cedar Mountain: Prelude to Bull Run\, August 9\, 1862"
4355;"Therapy"
4356;"Monkeys on the Moon"
4358;"The Guns of August"
4367;"Nero"
4370;"Fische Fluppen Frikadellen"
4375;"Krone & Schwert"
4376;"Kings in the Corner"
4378;"Cootie"
4385;"A Gamut of Games"
4388;"Rome: Imperium\, Circus Maximus\, Hannibal vs Rome"
4390;"Carcassonne: Hunters and Gatherers"
4394;"The Settlers of the Stone Age"
4395;"Bean Trader"
4396;"Odin's Ravens"
4401;"Canal Grande"
4424;"Cranium Hoopla"
4425;"Waterloo: Napoleon's Last Battle"
4454;"Statis Pro Football"
4471;"Fist of Dragonstones"
4475;"Unexpected Treasures"
4488;"Scarab Lords"
4491;"Cave Troll"
4492;"Trivial Pursuit: 20th Anniversary Edition"
4493;"Kayanak"
4505;"Tarot"
4529;"Hellas"
4532;"Thud"
4553;"Attribute"
4556;"Patton's Best"
4562;"Mogul"
4583;"Pinochle"
4604;"Chez Greek"
4606;"Sucking Vacuum"
4610;"Lord of the Rings: The Duel"
4616;"Arimaa"
4636;"Clans"
4651;"Stalingrad"
4659;"Moods"
4671;"INWO SubGenius"
4688;"Angola"
4741;"Warmachine"
4746;"Dungeons & Dragons Computer Labyrinth Game"
4753;"King's Gate"
4769;"Great War at Sea: The Mediterranean"
4789;"Trivial Pursuit: Genus III"
4816;"Xactika"
4839;"Berlin '85: The Enemy at the Gates"
4845;"Star Wars:  Escape From Death Star Game"
4853;"Tripoley"
4854;"7th Fleet"
4862;"Outburst!"
4864;"Scene It? Movie"
4888;"Don't Break the Ice"
4907;"PAC-MAN Game"
4910;"Wheel of Fortune"
4920;"5th Fleet"
4928;"Clue: 50th Anniversary Edition"
4953;"1313 Dead End Drive"
4958;"Ardennes"
4962;"1914"
4974;"Wellington's Victory: Battle of Waterloo"
4984;"Jutland"
4985;"Warmaster"
4991;"Apples to Apples Kids"
5021;"The Struggle of Nations"
5029;"Monopoly: Star Wars Episode 1"
5035;"Panzer Armee Afrika"
5048;"Candy Land"
5050;"The Worst-Case Scenario Survival Game"
5072;"Carrom"
5086;"Electronic Mall Madness"
5130;"Afrikan tähti"
5142;"Fighting Sail: Sea Combat in the Age of Canvas and Shot 1775-1815"
5195;"The Farming Game"
5205;"G.E.V."
5206;"Ogre"
5241;"Sinai"
5251;"Camelot"
5255;"Gorkamorka"
5258;"Star Trek: The Next Generation – Interactive VCR Board Game – A Klingon Challenge"
5259;"Booby-Trap"
5296;"Waterloo"
5297;"World War I"
5298;"Curses!"
5314;"Hangman"
5316;"Warhammer Epic 40\,000"
5332;"Split (Revised Edition)"
5336;"Talisman (third edition)"
5339;"Monopoly Junior"
5367;"Chomp!"
5404;"Amun-Re"
5406;"New England"
5419;"Magna Grecia"
5432;"Snakes and Ladders"
5451;"Hanafuda"
5455;"Tobruk:  Tank Battles in North Africa 1942"
5457;"Dread Pirate"
5472;"Monopoly: Millennium"
5478;"Crazy Circus"
5534;"Light Speed"
5576;"Dungeoneer: Tomb of the Lich Lord"
5588;"Perfection"
5620;"Vietnam 1965-1975"
5622;"Pacific War"
5641;"Nightmare"
5651;"The Longest Day"
5656;"France 1944: The Allied Crusade in Europe"
5668;"Mini Mastermind"
5680;"Lee vs. Grant"
5697;"Reiner Knizia's Amazing Flea Circus"
5699;"Afrika (first edition)"
5711;"Squad Seven"
5716;"Balloon Cup"
5718;"Cranium Cariboo"
5737;"Domaine"
5758;"Monopoly: Pokémon"
5767;"Mammoth Hunters"
5770;"Orchard"
5781;"Edel\, Stein & Reich"
5782;"Coloretto"
5791;"Maelstrom"
5795;"Richelieu"
5811;"The Best of Dragon Magazine Games"
5824;"The Kids of Catan"
5825;"Paris Paris"
5867;"10 Days in Europe"
5869;"Mordred"
5894;"Twister"
5895;"Hungry Hungry Hippos"
5941;"Mermaid Rain"
5942;"Mystery Rummy: Al Capone and the Chicago Underworld"
5957;"Tito"
5985;"Miscellaneous Game Accessory"
5992;"Operation Grenade"
6050;"Duel of Ages Set 1: Worldspanner"
6068;"Queen's Necklace"
6090;"Pack of Flies"
6117;"Nobody but Us Chickens"
6137;"Drive"
6187;"Avalon"
6201;"Dante's Inferno"
6202;"The Rise of the Roman Republic"
6203;"Enemy at the Gates"
6205;"Europe Engulfed"
6209;"Mag·Blast (Second Edition)"
6235;"The Perilous Parlor Game"
6240;"The Crusades"
6249;"Alhambra"
6263;"King's Breakfast"
6281;"Eketorp"
6351;"Gulo Gulo"
6352;"Lord of the Rings"
6353;"Monty's Gamble: Market Garden"
6366;"Dungeons & Dragons: The Fantasy Adventure Board Game"
6381;"Sequence for Kids"
6411;"Blokus 3D"
6420;"Cranium Cadoo"
6424;"Pick Up Sticks"
6472;"A Game of Thrones (first edition)"
6481;"Phoenix"
6508;"Tom Tube"
6521;"Magdar"
6531;"Dwarven Dig!"
6539;"Formula Dé Mini"
6541;"Articulate!"
6542;"Lock 'n Load: Forgotten Heroes – Vietnam"
6544;"Battle for Moscow (first edition)"
6546;"Labyrinth"
6551;"Crimson Skies"
6554;"Lawless"
6566;"VisualEyes"
6569;"Cronberg"
6581;"Korea: The Forgotten War"
6583;"Kung Fu Samurai on Giant Robot Island"
6584;"Grave Robbers II: Skippy's Revenge"
6607;"Munchkin Fu"
6613;"Downtown: Air War Over Hanoi\, 1965-1972"
6627;"Scream Machine"
6642;"Western Front Tank Leader"
6644;"Spite & Malice"
6646;"Excalibur"
6653;"Strange Synergy"
6657;"Such a Thing?"
6663;"Lunar Rails"
6707;"Age of Mythology: The Boardgame"
6711;"Hit the Deck"
6714;"Go Away Monster!"
6719;"Liberty: The American Revolution 1775-83"
6738;"Quicksand"
6752;"Attack!"
6778;"The Settlers of Zarahemla"
6779;"The Ark of the Covenant"
6795;"Battleball"
6819;"Skat"
6830;"Zendo"
6887;"Hearts"
6901;"Euchre"
6927;"Hornet Leader"
6930;"Sweden Fights On"
6931;"Katamino"
6932;"Hi Ho! Cherry-O"
6955;"Reiner Knizia's Decathlon"
6980;"Mission Command Sea"
6994;"Scrabble Card Game"
7062;"Smarty Party!"
7086;"Guilford"
7098;"Monopoly: Deluxe Edition"
7104;"Ace of Aces: Powerhouse Series"
7109;"Fifth Corps"
7176;"Panzer Grenadier: Battle of the Bulge"
7204;"China Moon"
7239;"Medieval"
7240;"Vanished Planet"
7262;"Top Trumps"
7316;"Bingo"
7336;"Trivial Pursuit: The Lord of the Rings Movie Trilogy Collector's Edition"
7479;"WarCraft: The Board Game"
7480;"Sword of Rome"
7514;"Zombie Plague"
7538;"Fish Eat Fish"
7571;"Winds Of Plunder"
7614;"A World at War"
7682;"Go Fish"
7688;"Memory"
7708;"Hisss"
7717;"Carcassonne: The Castle"
7719;"Arena Maximus"
7720;"The Prince: The Struggle of House Borgia"
7742;"Confrontation"
7804;"Dracula"
7805;"Fearsome Floors"
7806;"King Me!"
7824;"Break the Safe"
7843;"Caesar: Conquest of Gaul"
7854;"YINSH"
7858;"Ardennes '44"
7865;"10 Days in Africa"
7866;"10 Days in the USA"
7929;"Dungeons & Dragons Miniatures"
7967;"Mutiny!"
7976;"Fantasy Pub"
8017;"Feurio!"
8041;"Monopoly: The Lord of the Rings Trilogy Edition"
8045;"Princes of the Renaissance"
8051;"Attika"
8059;"Ideology: The War of Ideas"
8069;"Clue FX"
8095;"Prophecy"
8098;"Jungle Speed"
8107;"Risk: The Lord of the Rings Trilogy Edition"
8124;"Industria"
8125;"Santiago"
8126;"Maya"
8129;"Zing!"
8130;"Die Fugger"
8139;"The Lord of the Rings: Combat Hex Tradeable Miniatures Game"
8147;"Maka Bana"
8160;"Illuminati: Crime Lords"
8166;"Anno 1503"
8170;"Return of the Heroes"
8172;"Coyote"
8190;"The Bridges of Shangri-La"
8192;"Railroad Dice"
8195;"Viva Topo!"
8203;"Hey\, That's My Fish!"
8207;"Dungeoneer: Vault of the Fiends"
8217;"San Juan"
8222;"Spank the Monkey"
8232;"Zauberschwert & Drachenei"
8243;"Rolit"
8273;"Alexandros"
8284;"Assault"
8320;"Sicily: The Race for Messina"
8325;"The Desert Fox"
8392;"Buckaroo!"
8450;"Hector and Achilles"
8481;"Crusader Rex"
8490;"Age of Napoleon"
8515;"Hybrid"
8522;"Ninja Burger"
8552;"I Go!"
8569;"The Haunting House"
8593;"Wreckage"
8633;"Monopoly: Disney"
8668;"Igloo Pop"
8671;"Terra"
8690;"Buzzword"
8711;"Landships! Tactical Weapons Innovations 1914-1918"
8730;"Flying Colors"
8790;"Activity"
8804;"Stoner Fluxx"
8817;"Call of Cthulhu: Collectible Card Game"
8829;"Nobody is Perfect"
8833;"Firefight"
8920;"BuyWord"
8924;"Dancing Eggs"
8935;"Shazamm!"
8946;"Coda"
8989;"Hansa"
8993;"Fire in the East"
9021;"Sunken City"
9027;"Oasis"
9028;"Tongiaki"
9108;"Masquerade"
9139;"Marco Polo Expedition"
9201;"Spy"
9202;"Saga"
9203;"Wings of War: Famous Aces"
9209;"Ticket to Ride"
9215;"Revolution: The Dutch Revolt 1568-1648"
9216;"Goa"
9217;"Saint Petersburg"
9220;"Saboteur"
9341;"Lost Valley"
9342;"Fifth Avenue"
9408;"Dos Rios"
9439;"FBI"
9440;"Maharaja: The Game of Palace Building in India"
9441;"Ribbit"
9446;"Blue Moon"
9560;"Indus"
9606;"Cluzzle"
9609;"War of the Ring (first edition)"
9615;"Station Master"
9616;"Horus"
9617;"Russian Rails"
9625;"Struggle of Empires"
9674;"Ingenious"
9675;"La Strada"
9735;"Duell"
9787;"Beer Money"
9792;"Oriente"
9823;"Advanced Squad Leader: Starter Kit #1"
9825;"Early American Chrononauts"
9829;"Runebound (First Edition)"
9851;"Shut the Box"
9852;"Clue Jr.: The Case of the Missing Cake"
9910;"Wings of War: Watch Your Back!"
9962;"Chez Goth"
10081;"Axis & Allies: D-Day"
10093;"Axis & Allies"
10164;"Fliegen klatschen"
10174;"Bitter Woods (fourth edition)"
10183;"Napoleon at Leipzig"
10206;"Make 'n' Break"
10383;"Risk: Godstorm"
10496;"Camelot Legends"
10502;"Poker Dice"
10547;"Betrayal at House on the Hill"
10550;"Big Boggle"
10559;"Why Did the Chicken...?"
10623;"Gringo!"
10630;"Memoir '44"
10640;"Doom: The Boardgame"
10653;"Pirates of the Spanish Main"
10659;"Hex Hex"
10660;"Micropul"
10681;"Apples to Apples Junior"
10707;"Hacker: Deluxe Edition"
10715;"CSI: Crime Scene Investigation Boardgame"
10756;"Dancing Dice"
10788;"Hellenes: Campaigns of the Peloponnesian War"
10799;"Old Maid"
10814;"Dawn Under"
10819;"Navia Dratp"
10869;"Heart of Africa"
10908;"Minotaur Lords"
10934;"Things..."
10947;"Master Thieves"
10964;"April's Harvest: The Battle of Shiloh\, April 6 & 7\, 1862"
10997;"Boomtown"
11017;"Crazy Eights"
11057;"The Great Battles of Alexander: Deluxe Edition"
11081;"Familienbande"
11096;"Tahuantinsuyu"
11104;"Who's the Ass?"
11106;"Warhammer 40\,000: Rogue Trader"
11159;"Dungeoneer: Haunted Woods of Malthorin"
11161;"Dungeoneer: Den of the Wererats"
11168;"Flames of War: The World War II Miniatures Game"
11170;"Heroscape Master Set: Rise of the Valkyrie"
11182;"Super Scrabble"
11202;"The First World War"
11229;"Star Wars Miniatures"
11231;"Snorta!"
11265;"Wellington"
11269;"Roads to Leningrad"
11274;"Devil's Horsemen"
11415;"Warriors"
11416;"Burn in Hell"
11618;"Cranium Zigity"
11634;"Mexican Train"
11825;"Empire of the Sun"
11901;"Tic-Tac-Toe"
11945;"Linq"
11949;"Shifting Sands"
11971;"Cockroach Poker"
12002;"Jambo"
12004;"Candamir: The First Settlers"
12005;"Around the World in 80 Days"
12063;"There's a Moose in the House"
12166;"Funkenschlag"
12168;"D-Day (first edition)"
12194;"Munchkin Bites!"
12205;"In a Pickle"
12234;"DAK2"
12248;"Alexander the Great"
12282;"Grand Illusion: Mirage of Glory\, 1914"
12283;"Manifest Destiny"
12296;"Senator"
12318;"Typo"
12333;"Twilight Struggle"
12346;"Spooky Stairs"
12350;"Battlestations"
12453;"Atmosfear: The DVD Board Game"
12477;"Bootleggers"
12493;"Twilight Imperium (Third Edition)"
12495;"Fire & Axe: A Viking Saga"
12538;"Clocktowers"
12545;"The Game of Life: The Simpsons Edition"
12589;"Razzia!"
12623;"UWO"
12627;"Cthulhu 500"
12632;"Goldbräu"
12633;"Mall World"
12681;"Neuland"
12692;"Gloom"
12750;"1860: Railways on the Isle of Wight"
12761;"Ys"
12830;"Die Weinhändler"
12875;"Cranium Turbo Edition"
12891;"Friedrich"
12896;"La Bataille des Quatre Bras"
12902;"Carcassonne: The City"
12942;"No Thanks!"
12962;"Reef Encounter"
12995;"Dungeon Twister"
13004;"The Downfall of Pompeii"
13005;"Tanz der Hornochsen!"
13071;"Age of Gods"
13122;"Antiquity"
13172;"Kung Fu Fighting"
13224;"The Conquerors: Alexander the Great"
13230;"Gobblet Gobblers"
13286;"Gloria Mundi"
13293;"Vs. System"
13301;"Caribbean"
13308;"Niagara"
13347;"Plunder"
13362;"Warhammer 40\,000 (fourth edition)"
13375;"Submarine"
13403;"Three Battles of Manassas"
13456;"Vampire: Prince of the City"
13511;"Ninja Versus Ninja"
13530;"Sole Mio!"
13532;"Guderian's Blitzkrieg II"
13551;"Oltre Mare"
13642;"Louis XIV"
13709;"Clash of Giants II"
13728;"Naval Battles"
13729;"Flandern 1302"
13751;"Under the Shadow of the Dragon"
13780;"In the Shadow of the Emperor"
13823;"Fairy Tale"
13855;"Carthage: The First Punic War"
13884;"The Scepter of Zavandor"
13933;"Im Auftrag des Königs"
13945;"Trivial Pursuit: 90's Time Capsule Edition"
13976;"Feudo"
14007;"The Siege of Alesia"
14017;"Oceania"
14035;"Piranha Pedro"
14038;"Anachronism"
14080;"The Mighty Endeavor"
14083;"Fire in the Sky: The Great Pacific War 1941-1945"
14105;"Commands & Colors: Ancients"
14254;"PitchCar Mini"
14258;"Blood Feud in New York"
14379;"Harry Potter and the Sorcerer's Stone   Mystery at Hogwarts Game"
14403;"Warhammer 40\,000: Battle for Macragge"
14535;"SPANC: Space Pirate Amazon Ninja Catgirls"
14683;"Men of Iron"
14736;"Let's Kill"
14808;"Marvel Heroes"
14992;"Sword & Skull"
14996;"Ticket to Ride: Europe"
15033;"Australia"
15045;"Risk: Star Wars – The Clone Wars Edition"
15046;"Monopoly: Star Wars Saga Edition"
15047;"Trivial Pursuit DVD: Star Wars Saga Edition"
15062;"Shadows over Camelot"
15064;"Pimp: The Backhanding"
15126;"Advanced Squad Leader: Starter Kit #2"
15156;"Coloretto Amazonas"
15157;"Amazonas"
15167;"King Arthur: The Card Game"
15180;"Go West!"
15261;"Trump\, Tricks\, Game!"
15290;"R-Eco"
15318;"Palazzo"
15363;"Nexus Ops"
15364;"Vegas Showdown"
15369;"The Devil's Cauldron: The Battles for Arnhem and Nijmegen"
15474;"Zombiaki"
15510;"Tower of Babel"
15511;"Fjords"
15512;"Diamant"
15600;"Kreta"
15738;"MidEvil"
15817;"Manila"
15818;"Pickomino"
15826;"Triumph of Chaos"
15830;"Scene It? Disney"
15839;"Bonaparte at Marengo"
15878;"Rummy"
15889;"Scopa"
15953;"Wings of War: Burning Drachens"
15954;"Conquest of Paradise"
15985;"Blood Bowl: Living Rulebook"
15987;"Arkham Horror"
16035;"Cranium Whoonu"
16144;"Dead Man's Treasure"
16216;"Carcassonne: The Discovery"
16226;"Gone Fishing!"
16267;"Trans Europa"
16320;"Bonnie and Clyde"
16362;"Hula Hippos"
16366;"Funny Friends"
16373;"Techno Witches"
16395;"Blokus Duo"
16443;"Dungeoneer: Dragons of the Forsaken Desert"
16444;"The Battle of the Bulge"
16496;"Roma"
16497;"Rat Hot"
16498;"Inka"
16499;"Architekton"
16500;"Highland Clans"
16693;"UNO: H2O"
16747;"Tumblin-Dice"
16772;"Mall of Horror"
16804;"Panzer Grenadier: Eastern Front"
16933;"Super Munchkin"
16986;"Ubongo"
16991;"Khet: The Laser Game"
16992;"Tsuro"
17025;"Friday the 13th"
17027;"Sitting Ducks Gallery"
17053;"Sleeping Queens"
17104;"Canasta"
17133;"Railways of the World"
17136;"DaVinci's Challenge"
17161;"Tempus"
17166;"Clout Fantasy"
17223;"World of Warcraft: The Boardgame"
17226;"Descent: Journeys in the Dark"
17240;"That's Life!"
17329;"Animal Upon Animal"
17382;"History of the Roman Empire"
17392;"Here I Stand"
17393;"Pax Romana"
17394;"The Burning Blue"
17395;"Prussia's Glory II"
17396;"Manoeuvre"
17397;"Savannah"
17419;"CATAN 3D Collector's Edition"
17448;"Rocketmen: Axis of Evil"
17449;"Beowulf: The Legend"
17451;"Wench"
17465;"Cowboys: The Way of the Gun"
17484;"Silent War"
17517;"Clue Mysteries"
17526;"Hecatomb"
17533;"The New Easy to Master Dungeons & Dragons"
17557;"Super Farmer"
17651;"Under the Lily Banners"
17709;"Last Word"
17710;"Conquest of the Empire"
17804;"Dungeons & Dragons Basic Game"
17816;"Family Fluxx"
17835;"Monsters Menace America"
17851;"Pizza Box Football"
17855;"Castle Keep"
17970;"Axis & Allies Miniatures"
18064;"Run for your Life\, Candyman!"
18098;"Napoleon's Triumph"
18100;"China"
18127;"Castle Merchants"
18243;"Parthenon: Rise of the Aegean"
18258;"Mission: Red Planet"
18265;"Message to the Czar"
18289;"Key Largo"
18291;"Unpublished Prototype"
18333;"Nature Fluxx"
18500;"Sator Arepo Tenet Opera Rotas"
18602;"Caylus"
18723;"Aye\, Dark Overlord!"
18745;"Sun Tzu"
18746;"Gustav Adolf the Great: With God and Victorious Arms"
18747;"Onward\, Christian Soldiers"
18748;"Unhappy King Charles!"
18750;"Dragonriders"
18803;"Black Stories"
18833;"Lord of the Rings: The Confrontation"
18866;"Shear Panic"
18931;"Emira"
18932;"Siena"
18946;"Just Desserts"
18961;"Paranoia Mandatory Bonus Fun! Card Game"
18963;"En Garde!"
18985;"Battleground"
19027;"Redneck Life"
19100;"Hacienda"
19187;"Dungeoneer: Realm of the Ice Witch"
19237;"Ca$h 'n Gun$"
19301;"Mesopotamia"
19348;"Byzantium"
19358;"Western Town"
19363;"Havoc: The Hundred Years War"
19370;"Quelf"
19419;"Euphrates & Tigris: Contest of Kings"
19427;"Gemblo"
19464;"Soccer Tactics World"
19508;"Igels: Das Kartenspiel"
19526;"Elasund: The First City"
19591;"Big Manitou"
19600;"Antike"
19622;"A Victory Lost"
19643;"World of Warcraft Trading Card Game"
19650;"Il Principe"
19665;"Project Kells: Sacred Hill\, High Kings of Tara  & Poisoned Chalice"
19679;"Hordes"
19764;"PÜNCT"
19777;"Indonesia"
19841;"Pentago"
19854;"Federation Commander: Klingon Border"
19857;"Glory to Rome"
19878;"Lucca Città"
19947;"Ark"
19948;"Rum & Pirates"
19989;"Robber Knights"
19995;"Canal Mania"
19996;"Nacht der Magier"
19999;"Aton"
20022;"Terra Nova"
20077;"Kutuzov"
20078;"Monmouth"
20079;"Pacific Typhoon"
20080;"Aqua Romana"
20100;"Wits & Wagers"
20133;"FAB: The Bulge"
20134;"The End of the Triumvirate"
20195;"Six"
20436;"Stonehenge: An Anthology Board Game"
20437;"Lords of Vegas"
20542;"Advanced Squad Leader: Starter Kit #3"
20545;"Rory's Story Cubes"
20551;"Shogun"
20609;"Asia Engulfed"
20750;"Black Stories 2"
20782;"Siam"
20806;"Three-Dragon Ante"
20847;"Take Stock"
20865;"Bolide"
20963;"Fury of Dracula (second edition)"
21050;"Combat Commander: Europe"
21133;"Infinity"
21239;"Rocketville"
21241;"Neuroshima Hex!"
21287;"Bison: Thunder on the Prairie"
21293;"Celtica"
21348;"Ticket to Ride: Märklin"
21373;"Federation Commander:  Romulan Border"
21380;"Conquest of the Fallen Lands"
21441;"Mykerinos"
21464;"California"
21523;"Runebound (Second Edition)"
21550;"Blokus Trigon"
21551;"SPQR (Deluxe Edition)"
21613;"Diabolo"
21632;"To Court the King"
21641;"Aquädukt"
21654;"Iliad"
21704;"Fiji"
21709;"Jericho"
21754;"Nottingham"
21763;"Mr. Jack"
21779;"1914: Twilight in the East"
21790;"Thurn and Taxis"
21791;"Masons"
21804;"Traditional Card Games"
21859;"Figaro"
21882;"Blue Moon City"
21892;"Augsburg 1520"
21920;"Leonardo da Vinci"
21930;"Crazy Kick"
21947;"RAN"
21954;"Perikles"
21955;"Treehouse"
21985;"Giro Galoppo"
22019;"ZombieTown"
22038;"Warrior Knights"
22111;"Double or Nothing"
22141;"Cleopatra and the Society of Architects"
22143;"EastFront II"
22192;"HeroQuest Advanced Quest"
22198;"Great Wall of China"
22237;"Hart an der Grenze"
22245;"Times Square"
22278;"The Thief of Baghdad"
22287;"Buccaneer"
22345;"Yspahan"
22347;"Pecking Order"
22348;"Duplik"
22359;"Steel Wolves: The German Submarine Campaign Against Allied Shipping – Vol 1"
22398;"10 Days in Asia"
22420;"Battles of Napoleon: The Eagle and the Lion"
22457;"Axis & Allies: Battle of the Bulge"
22465;"On the Dot"
22479;"HorrorClix"
22484;"Ingenious: Travel Edition"
22485;"Terra Prime"
22497;"Straw"
22532;"Wings of War: The Dawn of World War II"
22545;"Age of Empires III: The Age of Discovery"
22551;"Risk: Star Wars Original Trilogy Edition"
22604;"The Halls of Montezuma"
22664;"Phase 10 Masters Edition"
22677;"Stalin's War"
22825;"Tide of Iron"
22826;"Mutant Chronicles Collectible Miniatures Game"
22827;"StarCraft: The Board Game"
22861;"Feed the Kitty"
22864;"Zeus on the Loose"
22877;"Fields of Fire"
22889;"Pictureka!"
22897;"Dreamblade"
22938;"Justinian"
22948;"Munchkin Impossible"
23010;"Risk: 40th Anniversary Collector's Edition"
23053;"Guatemala Café"
23094;"Planet Steam"
23107;"Drakon (third edition)"
23142;"Mag·Blast (Third Edition)"
23263;"Clue DVD Game"
23334;"Doodle Dice"
23348;"Easter Island"
23418;"Pursuit of Glory"
23451;"Space Dealer"
23679;"Warriors of God"
23685;"1805: Sea of Glory"
23686;"GiftTRAP"
23730;"Gheos"
23761;"Guadalajara"
23779;"Enemy Chocolatier"
23817;"1861: The Railways of the Russian Empire"
23890;"Der schwarze Pirat"
23917;"Not War But Murder"
23928;"Glory III"
23935;"Oshi"
23950;"Viktory II"
23953;"Outside the Scope of BGG"
23957;"Stand at Mortain"
23964;"The Game of Life (40th Anniversary Edition)"
23985;"Midgard"
24000;"Monopoly: Nintendo"
24002;"Pirate King"
24037;"Escape from Atlantis"
24067;"Dragonology: The Game"
24068;"Shadow Hunters"
24070;"Afrika (second edition)"
24157;"Order of the Stick Adventure Game: The Dungeon of Dorukan"
24181;"Imperial"
24224;"Anasazi"
24270;"Hoyuk"
24304;"Unspeakable Words"
24310;"The Red Dragon Inn"
24376;"Trivial Pursuit: Totally 80s Edition"
24396;"War on Terror"
24410;"Treasures & Traps"
24416;"Santy Anno"
24417;"Factory Fun"
24473;"Megastar"
24480;"The Pillars of the Earth"
24491;"Supernova"
24508;"Taluva"
24509;"Ruse & Bruise"
24565;"Magical Athlete"
24627;"Star Wars Miniatures: Starship Battles"
24703;"Heroscape Marvel: The Conflict Begins"
24742;"Cold War: CIA vs KGB"
24762;"Medici vs Strozzi"
24764;"Monopoly: The Mega Edition"
24770;"Quietville"
24771;"Null & Nichtig"
24773;"On the Underground"
24795;"Cleopatra's Caboose"
24800;"Conflict of Heroes: Awakening the Bear! – Russia 1941-42"
24827;"Traders of Osaka"
24843;"Graenaland"
24878;"AT-43 Initiation Set: Operation Damocles"
24920;"Storm Over Stalingrad"
24935;"Anima: Shadow of Omega"
24947;"The Spoils"
24959;"Lost: The Game"
25008;"Italia"
25021;"Sekigahara: The Unification of Japan"
25071;"Munchkin Cthulhu"
25114;"Die Säulen von Venedig"
25224;"Hermagor"
25234;"Catan Histories: Struggle for Rome"
25242;"Relikt"
25261;"Tannhäuser"
25277;"Richard III: The Wars of the Roses"
25292;"Merchants & Marauders"
25412;"Vampire: Dark Influences"
25417;"BattleLore"
25420;"UR"
25491;"Alhambra: The Dice Game"
25554;"Notre Dame"
25568;"Metropolys"
25584;"If Wishes Were Fishes!"
25605;"Walhalla"
25613;"Through the Ages: A Story of Civilization"
25623;"Mmm ... Brains!"
25643;"Arkadia"
25669;"Qwirkle"
25674;"Khronos"
25677;"Formidable Foes"
25685;"Blackbeard"
25695;"Chopstick Dexterity MegaChallenge 3000"
25727;"Lock 'n Load Tactical: Day of Heroes"
25729;"World at War: Eisenbach Gap"
25738;"The Big Taboo"
25775;"Elusive Victory: The Air War over the Suez Canal\, 1967-1973"
25794;"Axis & Allies Naval Miniatures: War at Sea"
25821;"The Werewolves of Miller's Hollow"
25823;"Cartagena 2. The Pirate's Nest"
25900;"Kingdom of Heaven: The Crusader States 1097-1291"
25951;"The Castle of the Devil"
26055;"Twilight Imperium (second edition)"
26235;"Pick & Pack"
26447;"Clash of Monarchs"
26457;"Successors (third edition)"
26459;"PQ-17: Arctic Naval Operations 1941-43"
26472;"Dragon Parade"
26566;"Homesteaders"
26696;"Monopoly: Star Wars Limited Collector's Edition"
26745;"Panzerblitz: Hill of Death"
26859;"Kragmortha"
26884;"Escalation!"
26946;"Ladybohn: Manche mögen's heiss!"
26990;"Container"
26997;"1989: Dawn of Freedom"
27048;"Duel in the Dark"
27101;"Bomber Command"
27117;"Animalia"
27155;"J'te Gage Que..."
27162;"Kingsburg"
27165;"Age of Discovery"
27172;"Ponte del Diavolo"
27173;"Vikings"
27225;"Bananagrams"
27298;"Owner's Choice"
27356;"Portobello Market"
27364;"Caylus Magna Carta"
27380;"Origo"
27385;"Alchemist"
27389;"Smart Ass"
27463;"Galactic Emperor"
27532;"Vineta"
27574;"Island Fortress"
27588;"Zooloretto"
27627;"Talisman (Revised 4th Edition)"
27658;"Warhammer Fantasy Battle: Battle For Skull Pass"
27708;"1960: The Making of the President"
27710;"Catan Dice Game"
27739;"Hearts and Minds: Vietnam 1965-1975"
27746;"Colosseum"
27766;"Catan Junior"
27800;"The Market of Alturien"
27823;"Battue: Storm of the Horse Lords"
27826;"What's Yours Like?"
27833;"Steam"
27848;"Age of Conan: The Strategy Board Game"
27940;"RattleSnake"
27961;"Risk: Transformers"
27965;"The Tide at Sunrise: The Russo-Japanese War\, 1904-1905"
27968;"Red Star Rising: The War in Russia\, 1941-1944"
27969;"A Most Dangerous Time: Japan in Chaos\, 1570-1584"
27970;"Star Wars PocketModel TCG"
27976;"Heroscape Master Set: Swarm of the Marro"
28023;"Jamaica"
28025;"Wicked Witches Way"
28037;"Wool Rules"
28044;"Pocket Civ"
28086;"Risk Express"
28089;"Château Roquefort"
28143;"Race for the Galaxy"
28181;"Combat Commander: Pacific"
28185;"The Kaiser's Pirates"
28218;"Cash-a-Catch"
28258;"Ubongo Mini"
28259;"Cutthroat Caverns"
28284;"Lock 'n Load: Heroes of the Blitzkrieg"
28396;"It's Alive!"
28609;"The Game of Life: Twists & Turns"
28620;"Phoenicia"
28720;"Brass"
28723;"Before the Wind"
28739;"Garibaldi: The Escape"
28829;"Field Commander: Rommel"
28907;"B-29 Superfortress"
29030;"Chicago Poker"
29073;"Blockers!"
29078;"Frontiers"
29096;"Letter of Marque"
29109;"Dust"
29198;"Inn-Fighting"
29223;"Marrakech"
29256;"Origins:  How We Became Human"
29259;"Axis & Allies:  Guadalcanal"
29285;"Case Blue"
29294;"World of Warcraft: The Adventure Game"
29308;"Beowulf: The Movie Board Game"
29368;"Last Night on Earth: The Zombie Game"
29387;"Zombie Fluxx"
29410;"Municipium"
29456;"Infernal Contraption"
29581;"Tomb"
29602;"Okko: Era of the Asagiri"
29603;"D-Day at Omaha Beach"
29613;"DICEcapades"
29663;"Star Fleet Battles: Captain's Edition Basic Set"
29678;"Munchkin Quest"
29687;"Leaping Lemmings"
29773;"Cheeky Monkey"
29839;"Key Harvest"
29875;"Barbarossa: Kiev to Rostov\, 1941"
29903;"Chang Cheng"
29934;"Amyitis"
29937;"König von Siam"
29972;"El Capitán"
30057;"Burger Joint"
30166;"The Good\, the Bad\, and the Munchkin"
30216;"The Great War in Europe: Deluxe Edition"
30241;"Patrician"
30324;"Ca$h 'n Gun$: Live"
30328;"Battleground: Crossbows & Catapults War Chest Starter Set"
30356;"Heartland"
30367;"Perry Rhodan: The Cosmic League"
30379;"Change Horses"
30380;"Cuba"
30381;"Hamburgum"
30483;"Antler Island"
30539;"Get Bit!"
30549;"Pandemic"
30618;"Eat Poop You Cat"
30641;"Monuments: Wonders of Antiquity"
30645;"Tammany Hall"
30658;"Rise of Empires"
30662;"Travel Carcassonne"
30804;"Song of Blades and Heroes"
30869;"Thebes"
30932;"Lascaux"
30933;"BANG! The Bullet!"
30957;"Tribune: Primus Inter Pares"
30991;"Confrontation: The Age of the Rag'Narok"
31016;"We Didn't Playtest This At All"
31056;"Micro Mutants: Evolution"
31075;"Ming Dynasty"
31105;"Archaeology: The Card Game"
31133;"Ice Flow"
31260;"Agricola"
31291;"España 1936"
31449;"Army of Frogs"
31479;"Ubongo Extreme"
31481;"Galaxy Trucker"
31483;"Constantinopolis"
31497;"Oregon"
31503;"Slide 5"
31506;"Ziegen Kriegen"
31545;"Pow Wow"
31552;"Wings of War: Deluxe Set"
31563;"Middle-Earth Quest"
31594;"In the Year of the Dragon"
31612;"Sultan"
31621;"Gangster"
31624;"League of Six"
31627;"Ticket to Ride: Nordic Countries"
31697;"Corps Command: Totensonntag"
31730;"Chicago Express"
31745;"Utopia"
31759;"Battletech Introductory Box Set"
31808;"GUBS: A Game of Wit and Luck"
31822;"Master of Rules"
31920;"Munchkin Booty"
31954;"A Victory Denied"
31971;"Burgoo"
31999;"TZAAR"
32014;"Confucius"
32032;"Monopoly: Electronic Banking"
32114;"Merchants"
32116;"Airships"
32125;"Felix: The Cat in the Sack"
32146;"Trailer Park Wars"
32165;"Darjeeling"
32260;"The Club"
32341;"Cockroach Salad"
32382;"Gipsy King"
32412;"Palastgeflüster"
32441;"Bezzerwizzer"
32484;"The Battle for Hill 218"
32666;"Wealth of Nations"
32674;"Monsterpocalypse"
32838;"The Battle for Normandy"
32928;"Mü & Lots More"
33003;"The Caucasus Campaign"
33030;"The Drive On Metz (second edition)"
33040;"Humans!!!"
33107;"Senji"
33150;"Cranium WOW"
33154;"Wasabi!"
33155;"Burrows"
33159;"Middle Kingdom"
33160;"Endeavor"
33196;"Genji"
33451;"The Red Dragon Inn 2"
33468;"Zombie in my Pocket"
33581;"Mwahahaha!"
33604;"Say Anything"
33643;"Whoowasit?"
33665;"Battle Above the Clouds"
33732;"Tulipmania 1637"
33876;"Killer Bunnies and the Journey to Jupiter"
33911;"Bacchus' Banquet"
33924;"Nightfighter"
34004;"Big Points"
34010;"Journey to the Center of the Earth"
34084;"Witch's Brew"
34119;"Tales of the Arabian Nights"
34127;"Ticket to Ride: The Card Game"
34152;"Grind"
34166;"Finito!"
34169;"Potion-Making: Practice"
34194;"Aquaretto"
34219;"Biblios"
34227;"Blox"
34297;"The Climbers"
34320;"Shanghaien"
34373;"Tiki Topple"
34496;"World of Warcraft Miniatures Game"
34583;"Set Cubed"
34585;"Keltis"
34599;"Toledo"
34615;"New World: A Carcassonne Game"
34635;"Stone Age"
34659;"The Spanish Civil War 1936-1939"
34707;"The Hanging Gardens"
34745;"Battleship Express"
34747;"Jena 20"
34829;"Ilium"
34871;"Ventura"
34887;"Revolution!"
34969;"Ubongo: Duel"
35035;"World at War: Blood and Bridges"
35052;"Axis & Allies Anniversary Edition"
35188;"Legends of the Three Kingdoms"
35248;"Batavia"
35285;"German Railways"
35289;"The Dutch Golden Age"
35342;"Hold the Line"
35350;"Field Commander: Alexander"
35369;"Martian Fluxx"
35400;"Nations at War: White Star Rising"
35435;"Nefertiti"
35438;"Moto Grand Prix"
35476;"Barbarossa: Crimea"
35488;"The Name of the Rose"
35497;"Fauna"
35503;"Ra: The Dice Game"
35505;"Walk the Plank!"
35570;"Tinners' Trail"
35572;"Strozzi"
35614;"Where There Is Discord: War in the South Atlantic"
35634;"Samurai: The Card Game"
35669;"Bastogne: Screaming Eagles under Siege"
35677;"Le Havre"
35706;"Carpe Astra"
35761;"Sylla"
35801;"Lungarno"
35815;"A Touch of Evil: The Supernatural Game"
35935;"Day & Night"
35964;"duck! duck! Go!"
36218;"Dominion"
36235;"The Duke"
36345;"Monty Python Fluxx"
36367;"Dust Tactics"
36399;"The Napoleonic Wars (Second Edition)"
36400;"The Guns of Gettysburg"
36480;"Crown of Roses"
36522;"2 de Mayo"
36553;"Time's Up! Title Recall!"
36597;"Serpents of the Seas"
36648;"Pyramid"
36708;"Leader 1"
36739;"Black Sheep"
36745;"Simply Ingenious"
36811;"The Princes of Machu Picchu"
36887;"Waterloo"
36888;"After the Flood"
36932;"Claustrophobia"
36946;"Red November"
36986;"All Things Zombie: The Boardgame"
37046;"Ghost Stories"
37111;"Battlestar Galactica"
37120;"Pack & Stack"
37141;"Time's Up! Deluxe"
37165;"Warhammer 40\,000 (fifth edition)"
37196;"Sorry! Sliders"
37198;"Risk (Revised Edition)"
37208;"Court of the Medici"
37231;"Comuni"
37296;"Yahtzee Free for All"
37301;"Decktet"
37305;"Halo Interactive Strategy Game"
37358;"Founding Fathers"
37371;"Piece o' Cake"
37376;"Gem Dealer"
37380;"Roll Through the Ages: The Bronze Age"
37387;"Steel Driver"
37400;"Sushizock im Gockelwok"
37461;"Kraków 1325 AD"
37589;"Clue: Discover the Secrets"
37612;"Apples to Apples to Go"
37615;"Looting London"
37628;"Haggis"
37672;"Warhammer 40\,000: Assault On Black Reach"
37696;"The Stars Are Right"
37728;"Rock the Beat"
37734;"Cavum"
37738;"Master Builder"
37739;"Sutter's Mill"
37759;"Incan Gold"
37836;"Julius Caesar"
37904;"Formula D"
37907;"Diamonds Club"
37919;"Ascending Empires"
37931;"Jenga: Donkey Kong Collector's Edition"
38026;"Clue: Harry Potter Edition"
38032;"Byzanz"
38054;"Snow Tails"
38154;"Electronic Pictionary Man"
38159;"Ultimate Werewolf: Ultimate Edition"
38194;"Cheaty Mages!"
38275;"Robotory"
38309;"God's Playground"
38318;"Start Player"
38343;"Ad Astra"
38359;"The 3 Commandments"
38364;"Days of Steam"
38386;"A Castle for All Seasons"
38391;"Kakerlakensuppe"
38402;"Sidibaba"
38453;"Space Alert"
38504;"Hurry'Cup!"
38506;"Witch of Salem"
38531;"Powerboats"
38545;"Kamisado"
38548;"Fast Flowing Forest Fellers"
38553;"Duck Dealer"
38657;"Cities"
38707;"Bushido: Der Weg des Kriegers"
38713;"Time's Up! Edición Amarilla"
38718;"Normandy '44"
38735;"The Swarm"
38749;"Catan Geographies: Germany"
38765;"Ground Floor"
38778;"Heads of State"
38786;"Red Winter: The Soviet Attack at Tolvajärvi\, Finland – 8-12 December 1939"
38797;"Uruk: Wiege der Zivilisation"
38821;"Settlers of Catan: Gallery Edition"
38823;"Conflict of Heroes: Storms of Steel! – Kursk 1943"
38862;"Giants"
38863;"Hab & Gut"
38872;"Jet Set"
38931;"Basilica"
38984;"Mow"
38992;"Royal Palace"
38996;"Washington's War"
39019;"Nothing Gained But Glory"
39066;"The Supreme Commander"
39088;"Hoppladi Hopplada!"
39188;"Liberty Roads"
39206;"Click Clack Lumberjack"
39217;"Fighting Formations: Grossdeutschland Motorized Infantry Division"
39232;"Nemo's War"
39242;"Black Friday"
39328;"Baltic Gap"
39339;"Android"
39351;"Automobile"
39383;"Frontline: D-Day"
39463;"Cosmic Encounter"
39635;"Prolix"
39683;"At the Gates of Loyang"
39684;"Merkator"
39798;"Deadlands: The Battle for Slaughter Gulch"
39813;"Qwirkle Cubes"
39832;"Sumeria"
39856;"Dixit"
39927;"Last Train to Wensleydale"
39932;"Chariots of Fire"
39938;"Carson City"
39953;"A Game of Thrones: The Card Game"
40107;"Soviet Dawn"
40209;"RAF: The Battle of Britain 1940"
40214;"Bombay"
40235;"Bridge Troll"
40237;"Long Shot"
40251;"Risk: Balance of Power"
40270;"Call of Cthulhu: The Card Game"
40276;"Masters of Venice"
40354;"Maria"
40381;"Masters Gallery"
40393;"FITS"
40398;"Monopoly Deal Card Game"
40425;"Maori"
40432;"Stratego (Revised Edition)"
40444;"Livingstone"
40483;"Anima: Beyond Good and Evil"
40508;"Scrabble Slam!"
40529;"Cosmic Encounter"
40531;"Cosmic Encounter"
40603;"Incursion"
40628;"Finca"
40629;"Bakong"
40638;"Risk: Halo Wars Collector's Edition"
40692;"Small World"
40760;"Alea Iacta Est"
40761;"Montego Bay"
40765;"Clash of Cultures"
40769;"Valdora"
40770;"The Golden City"
40793;"Dice Town"
40816;"Magestorm"
40831;"The Pillars of the Earth: Builders Duel"
40832;"Keltis: Das Kartenspiel"
40834;"Dominion: Intrigue"
40871;"Crunch: The Game for Utter Bankers"
40990;"Word on the Street"
41002;"Vasco da Gama"
41003;"Keltis: Der Weg der Steine Mitbringspiel"
41010;"My First Carcassonne"
41033;"Case Yellow\, 1940: The German Blitzkrieg in the West"
41052;"Tokyo Train"
41066;"Virgin Queen"
41095;"Clue: Secrets & Spies"
41114;"The Resistance"
41186;"Monopoly City"
41259;"Ramses Pyramid"
41302;"First Orchard"
41372;"Zombie in my Pocket"
41429;"Band of Brothers: Screaming Eagles"
41490;"Phantom Leader"
41541;"Are You the Traitor?"
41569;"The Great Fire of London 1666"
41612;"Struggle for the Galactic Empire"
41627;"Zulus on the Ramparts!"
41636;"Abandon Ship"
41658;"Adios Amigos"
41749;"American Rails"
41762;"Fastrack"
41833;"Creationary"
41835;"Minotaurus"
41863;"Axis & Allies: 1942"
41916;"The Magic Labyrinth"
41933;"Arctic Scavengers"
42052;"Vinhos"
42111;"Fzzzt!"
42124;"Dungeon Twister 2: Prison"
42215;"Tobago"
42244;"Martinique"
42306;"Wings of War: WW2 Deluxe set"
42328;"Pax Baltica"
42444;"Batt'l Kha'os"
42448;"We Didn't Playtest This Either"
42452;"Rattus"
42487;"Lost Cities: The Board Game"
42490;"Pony Express"
42673;"Field Commander: Napoleon"
42713;"Arcane Legions"
42743;"Opera"
42776;"Gears of War: The Board Game"
42892;"The Isle of Doctor Necreaux"
42898;"Pocket Battles: Celts vs. Romans"
42910;"Peloponnes"
42929;"Martian Rails"
42939;"Invasion from Outer Space: The Martian Game"
42980;"Myth: Pantheons"
43015;"Hansa Teutonica"
43022;"Yomi"
43111;"Chaos in the Old World"
43152;"Assyria"
43249;"The BoardGameGeek Game"
43262;"Neuroshima Hex! Duel"
43264;"Pocket Rockets"
43307;"Baltimore & Ohio"
43320;"Tomb: Cryptmaster"
43443;"Castle Panic"
43528;"World Without End"
43570;"Friday"
43578;"Monster Chase"
43868;"The Adventurers: The Temple of Chac"
44163;"Power Grid: Factory Manager"
45134;"Arcana"
45315;"Dungeon Lords"
45319;"Alcazar"
45358;"Alhambra: Big Box"
45748;"Carcassonne: Wheel of Fortune"
45986;"Stronghold"
46007;"A Brief History of the World"
46213;"Telestrations"
46255;"Campaign Manager 2008"
46396;"Ubongo 3D"
46422;"Nostra City"
46530;"The Red Dragon Inn: Gambling? I'm In!"
46782;"Rush n' Crush"
46807;"Infinite City"
46957;"Square Shooters"
47046;"Gambit 7"
47055;"High Frontier"
47082;"Win\, Lose\, or Banana"
47185;"Warhammer: Invasion"
48726;"Alien Frontiers"
48979;"Wazabi"
49276;"Battle for Moscow (second edition)"
49435;"Penny Arcade: The Card Game"
50381;"Cards Against Humanity"
50750;"Belfort"
50768;"Ninjato"
50849;"Le Boomb!"
52328;"Malifaux"
52461;"Legacy: The Testament of Duke de Crecy"
53093;"Heroes of Normandie"
53168;"Triumvirate"
53317;"Pictureka! Card Game"
53804;"Cir*Kis"
53953;"Thunderstone"
54043;"Jaipur"
54137;"Battle Sheep"
54138;"Imperial 2030"
54307;"Chronicle"
54361;"Heroscape Master Set:  Battle for the Underdark"
54433;"Nanuk"
54507;"Savannah Tails"
54625;"Space Hulk (third edition)"
54643;"Skyline 3000"
54735;"Lemming Mafia"
54998;"Cyclades"
55165;"Bisikle"
55253;"Atlantis"
55427;"Mr. Jack in New York"
55492;"MegaCorps"
55597;"Chaos Marauders (second edition)"
55600;"Shipyard"
55601;"Sneaks & Snitches"
55670;"Macao"
55679;"Panzer General: Allied Assault"
55690;"Kingdom Death: Monster"
55697;"Power Struggle"
55705;"Callisto: The Game"
55829;"Axis & Allies Pacific 1940"
55833;"Tarantel Tango"
55834;"Mosaix"
55863;"The Three Musketeers: The Queen's Pendants"
55911;"Albion"
55952;"Greed Incorporated"
56128;"Zombiaki 2: Atak na Moskwę"
56342;"Chez Cthulhu"
56692;"Parade"
56707;"Colonia"
56786;"Kuhhandel Master"
56835;"Train of Thought"
56885;"The Werewolves of Miller's Hollow: The Village"
56931;"Arena: Roma II"
56933;"Pinguin-Party"
57163;"Gonzaga"
57390;"Catacombs"
57660;"Time's Up! Edición Azul"
57925;"Havana"
58099;"Granada"
58110;"Horse Fever"
58281;"Summoner Wars"
58421;"Egizia"
58602;"Cable Car"
58798;"Cardcassonne"
58886;"Alba Longa"
58936;"Wars of the Roses: Lancaster vs. York"
59149;"Bunny Bunny Moose Moose"
59294;"Runewars"
59429;"Dark Darker Darkest"
59753;"Priests of Ra"
59946;"Dungeons & Dragons: Castle Ravenloft Board Game"
59959;"Letters from Whitechapel"
59960;"Dakota"
60131;"Ugg-Tect"
60153;"War of the Ring Collector's Edition"
60435;"Rallyman"
60579;"Poo: The Card Game"
61484;"Zombie State: Diplomacy of the Dead"
61487;"Unconditional Surrender! World War 2 in Europe"
61692;"Axis & Allies Europe 1940"
62030;"Rio de la Plata"
62219;"Dominant Species"
62220;"Urban Sprawl"
62222;"Commands & Colors: Napoleonics"
62225;"Infidel"
62227;"Labyrinth: The War on Terror\, 2001 – ?"
62709;"Funglish"
62853;"JAB: Realtime Boxing"
62871;"Zombie Dice"
63027;"Leviathans"
63167;"Undermining"
63196;"Three-Dragon Ante: Emperor's Gambit"
63268;"Spot it!"
63539;"Lupus in Tabula"
63543;"Horus Heresy"
63628;"The Manhattan Project"
63632;"Jerusalem"
63706;"11 nimmt!"
63740;"Hotel Samoa"
63758;"Mr. Madison's War: The Incredible War of 1812"
63759;"Seeland"
63888;"Innovation"
63897;"Shave a Sheep"
64204;"The Logo Board Game"
64220;"Richard Scarry's Busytown: Eye found it! Game"
64826;"Moongha Invaders: Mad Scientists and Atomic Monsters Attack the Earth!"
64875;"Yahtzee Hands Down Card Game"
64956;"10 Days in the Americas"
65134;"Sorry! Revenge Card Game"
65200;"Asteroyds"
65225;"Road Kill Rally"
65244;"Forbidden Island"
65262;"Connect 4 (Revised Edition)"
65282;"Tanto Cuore"
65515;"Nuns on the Run"
65532;"Defenders of the Realm"
65534;"The Ares Project"
65564;"Hornet Leader: Carrier Air Operations"
65568;"Jäger und Sammler"
65611;"Cthulhu Dice"
65673;"Masques"
65781;"London"
65814;"Dweebies"
65825;"Gettysburg"
65901;"Age of Industry"
65907;"Mystery Express"
65936;"The Blitzkrieg Legend: The Battle for France\, 1940"
65990;"Don Quixote"
66056;"The Rivals for Catan"
66076;"Industry"
66081;"Pocket Battles: Elves vs. Orcs"
66085;"Keltis: Das Orakel"
66120;"Zooloretto Junior"
66126;"Mystery Rummy: Escape from Alcatraz"
66171;"Dragonheart"
66188;"Fresco"
66190;"New York"
66193;"It Happens.."
66198;"U-Build Monopoly"
66214;"Samarkand: Routes to Riches"
66356;"Dungeons & Dragons: Wrath of Ashardalon Board Game"
66362;"Glen More"
66424;"Dungeon Run"
66459;"Mad Zeppelin"
66505;"The Speicherstadt"
66507;"Queen's Ransom"
66510;"The Red Dragon Inn 3"
66587;"GOSU"
66588;"Wits & Wagers Family"
66589;"Navegador"
66781;"Space Infantry"
66798;"Heckmeck Barbecue"
66849;"Safranito"
66855;"The Dark Valley"
67180;"Tikal II: The Lost Temple"
67181;"PIX"
67185;"Sobek"
67239;"Catan Histories: Settlers of America – Trails to Rails"
67254;"Warmachine Prime Mk II"
67436;"Harry Potter Hogwarts"
67453;"Caveman Curling"
67492;"Battles of Westeros"
67593;"Die Säulen der Erde: das Kartenspiel"
67600;"D-Day at Tarawa"
67631;"Scrabble Flash"
67877;"Anomia"
67888;"Lords of Scotland"
67928;"Puzzle Strike"
68182;"Isla Dorada"
68227;"Fabula"
68228;"Railways of the World: The Card Game"
68247;"The Mines of Zavandor"
68250;"Objective: Kiev"
68260;"FAB: Sicily"
68264;"No Retreat! The Russian Front"
68425;"Eminent Domain"
68448;"7 Wonders"
68606;"12 Realms"
68820;"Enemy Action: Ardennes"
68858;"Tanto Cuore: Expanding the House"
69120;"Cadwallon: City of Thieves"
69130;"Next War: Korea"
69136;"Bloody April\, 1917: Air War Over Arras\, France"
69278;"Nuklear Winter '68"
69552;"Panic Station"
69779;"Polis: Fight for the Hegemony"
69789;"Ascension: Deckbuilding Game"
70149;"Ora et Labora"
70323;"King of Tokyo"
70324;"Duel of the Giants: Eastern Front"
70512;"Luna"
70519;"Cruel Necessity"
70916;"Rockband Manager"
70918;"Hanabi & Ikebana"
70919;"Takenoko"
71021;"Evolution: The Origin of Species"
71061;"DungeonQuest (third edition)"
71074;"Expedition: Northwest Passage"
71099;"Ingenious Challenges"
71272;"Hornet"
71593;"Charon Inc."
71655;"Wok Star"
71671;"Yggdrasil"
71676;"Back to the Future: The Card Game"
71721;"Space Hulk: Death Angel – The Card Game"
71836;"Onirim"
71882;"Conquest of Planet Earth: The Space Alien Game"
71906;"Castaways"
71973;"Crows"
72125;"Eclipse"
72132;"Dragon Rampage"
72204;"Alien Uprising"
72225;"CO₂"
72287;"Mr. Jack Pocket"
72420;"Braggart"
72448;"Trivial Pursuit: Bet You Know It"
72478;"Trollhalla"
72482;"Heroes of Graxia"
72644;"Perplexus"
72766;"SmileyFace"
72809;"Barbarossa"
72848;"Kill the Overlord"
72991;"Asara"
73070;"Olympus"
73171;"Earth Reborn"
73316;"Magnum Sal"
73369;"51st State"
73439;"Troyes"
73538;"Pirate Fluxx"
73761;"K2"
73863;"Grimoire"
74233;"Fictionaire"
74390;"Rolling Freight"
75091;"Norenberc"
75165;"De Vulgari Eloquentia"
75212;"Grand Cru"
75223;"Utopia Engine"
75358;"Paris Connection"
75448;"Tanto Cuore: Romantic Vacation"
75449;"Firenze"
75476;"Inca Empire"
75547;"Shipwrights of the North Sea"
75782;"The Phantom League"
75789;"Mai-Star"
76150;"Revolver"
76247;"Eaten by Zombies!"
76417;"Poseidon"
76674;"String Railway"
77130;"Sid Meier's Civilization: The Board Game"
77423;"The Lord of the Rings: The Card Game"
78733;"Key Market"
78954;"Mousquetaires du Roy"
79067;"Hex Hex XL"
79068;"Wrong Chemistry"
79073;"Resident Evil Deck Building Game"
79127;"Star Trek: Fleet Captains"
79131;"Star Trek: Expeditions"
79282;"Era of Inventions"
79828;"A Few Acres of Snow"
80006;"Mord im Arosa"
80642;"Antics!"
80771;"Dungeon Raiders"
80979;"Fortuna"
81250;"Stich-Meister"
81453;"Famiglia"
81542;"Quest: A Time of Heroes"
81640;"Florenza"
82168;"Escape from the Aliens in Outer Space"
82216;"Trivial Pursuit Steal Card Game"
82222;"Xia: Legends of a Drift System"
82272;"Railroad Barons"
82402;"Friesematenten"
82420;"Summoner Wars: Guild Dwarves vs Cave Goblins"
82421;"Summoner Wars: Phoenix Elves vs Tundra Orcs"
82610;"Cranium Scribblish"
82955;"1655: Habemus Papam"
83040;"Leader 1: Hell of the North"
83068;"1955: The War of Espionage"
83195;"Ghost Blitz"
83330;"Mansions of Madness"
83629;"The Hobbit"
83667;"First Train to Nuremberg"
83734;"Strike of the Eagle"
84159;"Junta: Viva el Presidente!"
84419;"Space Empires: 4X"
84464;"Animal Upon Animal: Balancing Bridge"
84465;"Ottoman Sunset"
84469;"Fürstenfeld"
84772;"Sun\, Sea & Sand"
84869;"Felinia"
84876;"The Castles of Burgundy"
84889;"Cave Evil"
85005;"The Boss"
85036;"20th Century"
85105;"Travel Blog"
85108;"U-Boat Leader"
85243;"Loch Ness"
85250;"The Dwarf King"
85256;"Timeline: Inventions"
85325;"Kolejka"
85394;"The Last Banquet"
85769;"Panzer (second edition)"
85897;"Thunderstone: Dragonspire"
86073;"5 Second Rule"
86128;"Barons"
86156;"Reverse Charades"
86246;"Drum Roll"
86955;"Munchkin Zombies"
87821;"Kingdom of Solomon"
87890;"Prêt-à-Porter"
88016;"Briefcase"
88402;"Crappy Birthday"
88408;"Nightfall"
88513;"Chicken Caesar"
88594;"Eruption"
88827;"Battle Cry: 150th Civil War Anniversary Edition"
88922;"Clue Suspect"
90040;"Pergamon"
90041;"Principato"
90137;"Blood Bowl: Team Manager – The Card Game"
90190;"The Secret of Monte Cristo"
90305;"Cargo Noir"
90419;"Airlines Europe"
90870;"Pelican Cove"
91034;"Khet 2.0"
91080;"Andean Abyss"
91189;"Ristorante Italia"
91312;"Discworld: Ankh-Morpork"
91514;"Rhino Hero"
91523;"Mondo"
91534;"The Struggle for Catan"
91536;"Quarriors!"
91620;"Pastiche"
91773;"Resident Evil Deck Building Game: Alliance"
91872;"Dungeons & Dragons: The Legend of Drizzt Board Game"
91873;"Strasbourg"
91984;"Québec"
92044;"Dungeons & Dragons: Conquest of Nerath Board Game"
92120;"Atlantis Rising"
92190;"Super Dungeon Explore"
92319;"Olympos"
92415;"Skull"
92643;"Artus"
92666;"Hegemonic"
92776;"Guards! Guards! A Discworld Boardgame"
92828;"Dixit Odyssey"
93001;"IceDice"
93185;"Tetris Link"
93194;"011"
93260;"Summoner Wars: Master Set"
93538;"Battleship Galaxies: The Saturn Offensive Game Set"
93541;"Urbania"
93724;"Black Gold"
93819;"War of Honor"
93971;"Nile DeLuxor"
94104;"Omen: A Reign of War"
94246;"1812: The Invasion of Canada"
94362;"Rune Age"
94389;"Urbion"
94396;"It Never Snows"
94480;"Pantheon"
94731;"Heroica: Fortaan"
94732;"Heroica: Draida"
94733;"Heroica: Waldurk"
94734;"Heroica: Nathuz"
94915;"Munchkin Axe Cop"
95064;"Ascension: Return of the Fallen"
95103;"Fortune and Glory: The Cliffhanger Game"
95105;"1st & Goal"
95234;"Cthulhu Gloom"
95527;"Madeira"
95613;"Mammut"
96007;"The New Era"
96152;"Nightfall: Martial Law"
96188;"Nuts!"
96260;"Dominant Species: The Card Game"
96613;"Alcatraz: The Scapegoat"
96704;"Fealty"
96713;"Deadwood"
96749;"Fading Glory"
96792;"The Road to Canterbury"
96848;"Mage Knight Board Game"
96913;"Lancaster"
97094;"Dark Minions"
97207;"Dungeon Petz"
97273;"Upon a Salty Ocean"
97357;"Sunrise City"
97786;"Small World Underground"
97803;"Penny Arcade: The Game – Gamers vs. Evil"
97842;"Last Will"
97875;"Wiraqocha"
97903;"Terror in Meeple City"
97915;"Bios: Megafauna"
98085;"Seven Dragons"
98229;"Pictomania"
98242;"Star Trek Deck Building Game: The Next Generation"
98315;"The Adventurers: The Pyramid of Horus"
98347;"Empires of the Void"
98351;"Core Worlds"
98762;"Test of Fire: Bull Run 1861"
98778;"Hanabi"
99079;"The Walking Dead Board Game"
99081;"Bears!"
99097;"Food Fight"
99120;"The Walking Dead: The Board Game"
99219;"Swish"
99312;"Feudality"
99392;"Colonial: Europe's Empires Overseas"
99437;"Rumble in the House"
99875;"Martian Dice"
99975;"Timeline: Discoveries"
100423;"Elder Sign"
100679;"Ultimate Warriorz"
100734;"My Happy Farm"
100901;"Flash Point: Fire Rescue"
101013;"Ninja: Legend of the Scorpion Clan"
101020;"PAX"
101682;"Saints in Armor"
101721;"Mage Wars Arena"
101737;"Angry Birds: The Card Game"
101785;"D-Day Dice"
101786;"Dust Tactics: Revised Core Set"
101930;"Carnival"
101988;"Storm the Castle!"
102104;"Star Fluxx"
102148;"NOIR: Deductive Mystery Game"
102181;"In a Grove"
102237;"Drako"
102435;"Navajo Wars"
102548;"Dungeon Fighter"
102652;"Sentinels of the Multiverse"
102680;"Trajan"
102794;"Caverna: The Cave Farmers"
102835;"Lost Temple"
102897;"Farmageddon"
102898;"Sewer Pirats"
103091;"Catan Histories: Merchants of Europe"
103092;"Helvetia"
103132;"Rapa Nui"
103184;"The Gnomes of Zavandor"
103185;"Walnut Grove"
103343;"A Game of Thrones: The Board Game (Second Edition)"
103469;"Risk: Metal Gear Solid"
103649;"The City"
103660;"VivaJava: The Coffee Game"
103686;"Mundus Novus"
103885;"Star Wars: X-Wing Miniatures Game"
103886;"Star Wars: The Card Game"
104006;"Village"
104020;"Vanuatu"
104162;"Descent: Journeys in the Dark (Second Edition)"
104347;"Santiago de Cuba"
104363;"Rex: Final Days of an Empire"
104377;"TSCHAK!"
104573;"Spectaculum"
104575;"Steam Torpedo: First Contact"
104581;"Panic on Wall Street!"
104655;"Lemonade Stand"
104710;"Wiz-War (eighth edition)"
104955;"Antike Duellum"
104994;"City Tycoon"
105037;"Tournay"
105134;"Risk Legacy"
105187;"MIL (1049)"
105551;"Archipelago"
105593;"Mogel Motte"
105624;"Poseidon's Kingdom"
106217;"Hawaii"
106662;"Power Grid: The First Sparks"
106753;"Ooga Booga"
106999;"Coney Island"
107190;"Flash Duel: Second Edition"
107255;"Evo (second edition)"
107529;"Kingdom Builder"
107861;"Warriors & Traders"
108044;"Nefarious"
108161;"Aquileia"
108344;"Might & Magic Heroes"
108665;"Zpocalypse"
108687;"Puerto Rico: Limited Anniversary Edition"
108722;"Dreadfleet"
108745;"Seasons"
108784;"Ascension: Storm of Souls"
108906;"Thunder Alley"
109125;"Wallenstein (second edition)"
109215;"Gunship: First Strike!"
109276;"Kanban: Automotive Revolution"
109291;"Sails of Glory"
109451;"A Fistful of Penguins"
109548;"Hemloch"
109764;"Quarantine"
109779;"Garden Dice"
109932;"Miskatonic School for Girls"
109969;"Mutant Meeples"
110277;"Among the Stars"
110286;"Zong Shi"
110327;"Lords of Waterdeep"
110524;"Goblins\, Inc."
110868;"Locke & Key: The Game"
110870;"Cavemen: The Quest for Fire"
111105;"Agents of SMERSH"
111124;"Dark Moon"
111148;"Würfel Bohnanza"
111173;"Little Devils"
111341;"The Great Zimbabwe"
111417;"The Great Heartland Hauling Co."
111502;"Star Trek Deck Building Game: The Next Generation – The Next Phase"
111732;"Kings of Air and Steam"
111799;"Cuba Libre"
112092;"Shadowrift"
112138;"Krosmaster: Arena"
112373;"BraveRats"
112686;"Epic Spell Wars of the Battle Wizards: Duel at Mt. Skullzfyre"
112869;"Munchkin Apocalypse"
113289;"Snake Oil"
113293;"Article 27: The UN Security Council Game"
113294;"Escape: The Curse of the Temple"
113401;"Timeline: Historical Events"
113636;"Edo"
113819;"Tenzi"
113873;"The Hunters: German U-Boats at War\, 1939-43"
113924;"Zombicide"
113927;"Nightfall: The Coldest War"
113997;"Mysterium"
114031;"Copycat"
114387;"Thebes: The Tomb Raiders"
114438;"But Wait\, There's More!"
114667;"The New Science"
114684;"Villages"
114871;"For The Win"
114903;"Castellan"
114912;"Starship Merchants"
115105;"Kittens in a Blender"
115233;"Rory's Story Cubes: Voyages"
115288;"Penny Arcade: The Game – Rumble in R'lyeh"
115293;"Fortress America"
115746;"War of the Ring (second edition)"
115976;"Eaten By Zombies!: In Cahoots"
116858;"Noah"
116954;"Indigo"
116998;"Thunderstone Advance: Towers of Ruin"
117663;"Piraten kapern"
117838;"Oz Fluxx"
117914;"Milestones"
117915;"Yedo"
117942;"Zooloretto: The Dice Game"
117959;"Las Vegas"
117960;"Saint Malo"
117985;"Star Trek: Catan"
117995;"Spot it Jr.! Animals"
118000;"Africana"
118023;"Keltis: Das Würfelspiel"
118048;"Targi"
118063;"Infiltration"
118174;"Compounded"
118337;"Urbanization"
118385;"Pocket Battles: Macedonians vs. Persians"
118402;"Maharani"
118410;"Drecksau"
118418;"Divinare"
118536;"Police Precinct"
118610;"Santa Cruz"
118695;"Riff Raff"
118705;"Geistesblitz 2.0"
118776;"Tahiti"
119012;"The Capitals"
119193;"Crazy Creatures of Dr. Doom"
119337;"Aeroplanes: Aviation Ascendant"
119391;"Il Vecchio"
119407;"Dixit Jinx"
119432;"Snowdonia"
119506;"Freedom: The Underground Railroad"
119591;"Rialto"
119632;"IOTA"
119781;"Legacy: Gears of Time"
119788;"Hyperborea"
119866;"Wings of Glory: WW1 Rules and Accessories Pack"
119890;"Agricola:  All Creatures Big and Small"
120217;"City of Horror"
120426;"Redshirts"
120447;"Get Lucky"
120515;"Chupacabra: Survive the Night"
120523;"Nothing Personal"
120605;"Neuroshima: Convoy"
120669;"No Retreat! The North African Front"
120677;"Terra Mystica"
121073;"Panic Lab"
121288;"Dixit: Journey"
121297;"Fleet"
121408;"Trains"
121410;"Steam Park"
121423;"Skyline"
121615;"Shadows over the Empire"
121764;"Plato 3000"
121921;"Robinson Crusoe: Adventures on the Cursed Island"
121958;"Sky Traders"
122159;"Cthulhu Fluxx"
122240;"Last Night on Earth: Timber Peak"
122294;"Ascension: Immortal Heroes"
122298;"Morels"
122515;"Keyflower"
122522;"Smash Up"
122588;"Dungeon Command: Sting of Lolth"
122599;"Winter Tales"
122690;"Star Trek Deck Building Game: The Original Series"
122842;"Exodus: Proxima Centauri"
122889;"Dominare"
122890;"Mercante"
122891;"Courtier"
122913;"Samurai Battles"
123045;"Uncharted: The Board Game"
123096;"Space Cadets"
123123;"BattleCON: Devastation of Indines"
123129;"We Didn't Playtest This: Legacies"
123160;"Battle For Souls"
123185;"Axis & Allies 1941"
123219;"OddVille"
123228;"Bling Bling Gemstone"
123239;"Wits & Wagers Party"
123260;"Suburbia"
123408;"Serpent's Tongue"
123499;"City of Iron"
123536;"GOSU 2: Tactics"
123540;"Tokaido"
123570;"Strike"
123576;"Sheepland"
123607;"Puzzle Strike (Third Edition)"
123609;"Puzzle Strike Shadows"
123844;"City Hall"
123885;"Pick-a-Dog"
123955;"Thunderbolt Apache Leader"
124047;"Pirate Dice: Voyage on the Rolling Seas"
124052;"Cinque Terre"
124172;"Tsuro of the Seas"
124361;"Concordia"
124380;"Ladies & Gentlemen"
124390;"Goblins Drool\, Fairies Rule!"
124490;"Aztlán"
124668;"The Dwarves"
124708;"Mice and Mystics"
124742;"Android: Netrunner"
124827;"Space Cadets: Away Missions"
124833;"Tentacle Bento"
124847;"1911 Amundsen vs Scott"
124965;"Dungeon Command: Heart of Cormyr"
124968;"Dungeon Command: Tyranny of Goblins"
124969;"Dungeon Command: Curse of Undeath"
125046;"Fantastiqa"
125048;"Dobble: Kostenlose Demoversion"
125050;"Pay Dirt"
125148;"Lap Dance"
125153;"The Gallerist"
125311;"Niya"
125315;"FlowerFall"
125326;"Sedition Wars: Battle for Alabaster"
125368;"Dino Hunt Dice"
125493;"DrunkQuest"
125548;"Pixel Tactics"
125618;"Libertalia"
125658;"Level 7 [Escape]"
125675;"Doctor Who: The Card Game"
125678;"DC Comics Deck-Building Game"
125752;"Race! Formula 90"
125854;"Mars Needs Mechanics"
125879;"Fallen City of Karez"
125921;"Catan: Junior"
125924;"Clubs"
125993;"France '40"
125996;"Mythic Battles"
126008;"Dungeon Command: Blood of Gruumsh"
126042;"Nations"
126163;"Tzolk'in: The Mayan Calendar"
126239;"Twin Tin Bots"
126444;"The Hobbit Card Game"
126613;"Warhammer 40\,000 (sixth edition)"
126750;"Sky Tango"
126792;"Myrmes"
126912;"Lady Alice"
126996;"King's Forge"
127023;"Kemet"
127024;"Room 25"
127060;"Bora Bora"
127095;"Origin"
127127;"The Lord of the Rings: The Fellowship of the Ring Deck-Building Game"
127312;"Enigma"
127398;"Legends of Andor"
127493;"Bolt Action"
127518;"A Distant Plain"
127561;"Resident Evil Deck Building Game: Mercenaries"
127784;"Suspend"
127920;"Kanzume Goddess"
127981;"Dungeon Heroes"
127997;"Qin"
128063;"Uchronia"
128271;"Ginkgopolis"
128442;"Relic"
128445;"Darkest Night (First edition)"
128475;"Murder of Crows"
128554;"Völuspá"
128565;"Evil Baby Orphanage"
128621;"Viticulture"
128664;"Timeline"
128666;"BANG! 10th Anniversary"
128667;"Samurai Sword"
128671;"Spartacus: A Game of Blood & Treachery"
128698;"Vampire Empire"
128733;"Revolver 2: Last Stand at Malpaso"
128780;"Pax Porfiriana"
128882;"The Resistance: Avalon"
128898;"New Amsterdam"
128921;"Rattus Cartus"
128931;"Noblemen"
128996;"1775: Rebellion"
129050;"P.I."
129051;"Le Havre: The Inland Port"
129090;"Roll For It!"
129122;"Band of Brothers:  Ghost Panzer"
129293;"Gauntlet of Fools"
129320;"Castle Dice"
129351;"The Cave"
129359;"Munchkin Pathfinder"
129395;"Monopoly Millionaire Deal Card Game"
129437;"Legendary: A Marvel Deck Building Game"
129459;"Duel of Ages II"
129469;"Card of the Dead"
129556;"Tapple"
129622;"Love Letter"
129710;"Card City"
129731;"DreadBall: The Futuristic Sports Game"
129736;"Kakerlakenpoker Royal"
129820;"Salmon Run"
129904;"Shadows over Camelot: The Card Game"
129948;"The Palaces of Carrara"
129976;"Game of Thrones: The Card Game"
130060;"Ohne Furcht und Adel"
130176;"Tales & Games: The Hare & the Tortoise"
130295;"Spellbound"
130390;"Ruhrschifffahrt 1769-1890"
130486;"Small City"
130605;"Lost Valley: The Yukon Goldrush 1896"
130792;"The Enchanted Tower"
130827;"Rumble in the Dungeon"
130877;"Blood Bound"
130882;"Cardline: Animals"
130899;"12 Days"
130911;"Batman: Gotham City Strategy Game"
130912;"The Lord of the Rings Dice Building Game"
130960;"Triumph & Tragedy"
131014;"Carcassonne: Winter Edition"
131118;"Asgard"
131260;"Qwixx"
131261;"RISK: StarCraft Collector's Edition"
131287;"Panamax"
131325;"Timeline: Diversity"
131332;"Berserk: War of the Realms"
131357;"Coup"
131366;"Eight-Minute Empire"
131449;"Captains of Industry"
131646;"Merchant of Venus (second edition)"
131835;"Boss Monster: The Dungeon Building Card Game"
131891;"Lost Legends"
132018;"Churchill"
132019;"Blood & Roses"
132028;"Conflict of Heroes: Awakening the Bear! (second edition)"
132251;"Ghooost!"
132372;"Guildhall"
132428;"BioShock Infinite: The Siege of Columbia"
132497;"Lift it!"
132531;"Roll for the Galaxy"
132544;"Tesla vs. Edison: War of Currents"
132817;"Xanadú"
133038;"Pathfinder Adventure Card Game: Rise of the Runelords – Base Set"
133405;"Island Siege"
133437;"Dead Panic"
133473;"Sushi Go!"
133528;"City of Remnants"
133632;"Mythotopia"
133637;"Temple Run: Danger Chase"
133671;"A Fool's Fortune"
133848;"Euphoria: Build a Better Dystopia"
133956;"Axis & Allies: WWI 1914"
134253;"Hostage Negotiator"
134352;"Two Rooms and a Boom"
134453;"The Little Prince: Make Me a Planet"
134520;"Phantom Leader Deluxe"
134559;"Tower"
134711;"Guilds of Cadwallon"
134726;"Smash Up: Awesome Level 9000"
135116;"Seventh Hero"
135215;"Lords of War: Orcs versus Dwarves"
135219;"The Battle of Five Armies"
135243;"Triassic Terror"
135262;"Electronic Catch Phrase"
135281;"Serenissima (second edition)"
135382;"Shadowrun: Crossfire"
135648;"Tales & Games: Baba Yaga"
135649;"Tales & Games: The Three Little Pigs"
135654;"New Dawn"
135779;"A Fake Artist Goes to New York"
135888;"Titanium Wars"
136000;"Rivet Wars: Eastern Front"
136056;"Asante"
136063;"Forbidden Desert"
136117;"The Walking Dead Card Game"
136192;"Dungeon Dice"
136280;"La Boca"
136356;"Dread Curse"
136440;"Canterbury"
136558;"Expedition: Famous Explorers"
136587;"Ninja Dice"
136594;"Dragon's Hoard"
136888;"Bruges"
136991;"Loony Quest"
137031;"Ancient Terrible Things"
137095;"The Witches: A Discworld Game"
137155;"Potato Man"
137237;"Bremerhaven"
137238;"Time 'n' Space"
137269;"Spyrium"
137290;"Nosferatu"
137297;"Augustus"
137330;"Cube Quest"
137397;"Via Appia"
137406;"Templar: The Secret Treasures"
137408;"Amerigo"
137423;"Pixel Tactics 2"
137550;"Story War"
137649;"Level 7 [Omega Protocol]"
137651;"What's He Building in There?"
137669;"Gearworld: The Borderlands"
137744;"Tessen"
137776;"Praetor"
137811;"Galactic Strike Force"
137909;"Bugs in the Kitchen"
137988;"Zombicide Season 2: Prison Outbreak"
138104;"Warmachine: High Command"
138105;"Hordes: High Command"
138161;"Firefly: The Game"
138233;"Ascension: Rise of Vigil"
138311;"Machine of Death: The Game of Creative Assassination"
138317;"Trains and Stations"
138431;"Galaxy Defenders"
138649;"DC Comics Dice Masters: Justice League"
138788;"Dungeon Roll"
139030;"Mascarade"
139033;"Archon: Glory & Machination"
139137;"Firefly: Out to the Black"
139147;"Romolo o Remo?"
139326;"UGO!"
139443;"Superfight"
139562;"Rockwell"
139771;"Star Trek: Attack Wing"
139897;"Belle of the Ball"
139898;"Brew Crafters"
139899;"VivaJava: The Coffee Game: The Dice Game"
139976;"Cthulhu Wars"
139991;"Fresco: Big Box"
139992;"Kaosball: The Fantasy Sport of Total Domination"
139993;"Kingdom Builder: Big Box"
140068;"Galaxy Trucker: Anniversary Edition"
140125;"Fallen"
140271;"Maximum Throwdown"
140343;"Carnival Zombie"
140457;"Ultimate Werewolf: Inquisition"
140519;"Myth"
140535;"Koryŏ"
140603;"Francis Drake"
140612;"The Hobbit: An Unexpected Journey"
140613;"Gear & Piston"
140620;"Lewis & Clark"
140638;"The Walking Dead Board Game: The Best Defense"
140709;"Alhambra: Family Box"
140711;"Carcassonne Big Box 4"
140717;"Progress: Evolution of Technology"
140795;"Say Bye to the Villains"
140796;"Fluxx: The Board Game"
140863;"Council of Verona"
140865;"Agent Hunter"
140933;"Blueprints"
140934;"Arboretum"
140951;"Thunderstone: Starter Set"
140997;"Romans Go Home!"
141007;"Carcassonne Big Box 3"
141090;"Kohle & Kolonie"
141423;"Dead Men Tell No Tales"
141430;"Geek Out!"
141517;"A Study in Emerald"
141572;"Paperback"
141735;"Patronize"
141736;"Sail to India"
141791;"Piñata"
141932;"The Agents"
142039;"Lost Legacy"
142057;"Carcassonne Big Box"
142063;"Deadzone"
142079;"Space Cadets: Dice Duel"
142121;"Guildhall: Job Faire"
142131;"Dominion Big Box (English)"
142197;"The Phantom Society"
142239;"Vye: The Card Game of Capture and Control"
142262;"Draco Magi"
142267;"Bomb Squad"
142271;"Anomia: Party Edition"
142296;"Funemployed!"
142325;"Kobayakawa"
142326;"Eight-Minute Empire: Legends"
142402;"The Red Dragon Inn 4"
142432;"Continental Express"
142451;"Cornish Smuggler"
142555;"The Lord of the Rings: The Two Towers Deck-Building Game"
142687;"oddball Äeronauts"
142830;"Chaosmos"
142852;"DC Comics Deck-Building Game: Heroes Unite"
142854;"Infection: Humanity's Last Gasp"
142889;"Enemy Coast Ahead: The Dambuster Raid"
142961;"Thunderstone Advance: Numenera"
142992;"Gravwell: Escape from the 9th Dimension"
143075;"Luchador! Mexican Wrestling Dice"
143147;"Saboteur (compilation editions)"
143157;"SOS Titanic"
143175;"Kashgar: Händler der Seidenstraße"
143176;"Steam Works"
143185;"Smash Up: The Obligatory Cthulhu Set"
143401;"Yunnan"
143404;"Castellion"
143405;"Sylvion"
143484;"Florenza: The Card Game"
143515;"Coal Baron"
143519;"Quantum"
143693;"Glass Road"
143741;"BANG! The Dice Game"
143884;"Machi Koro"
143986;"CV"
143994;"Capo Dei Capi"
144036;"Diamonsters"
144041;"Patchistory"
144189;"Fire in the Lake"
144239;"Impulse"
144270;"Relic Runners"
144325;"Munchkin Legends"
144344;"Rococo"
144388;"Elevenses"
144415;"Nauticus"
144492;"Packet Row"
144525;"Dungeon Twister: The Card Game"
144529;"Theseus: The Dark Orbit"
144553;"The Builders: Middle Ages"
144557;"Where Art Thou Romeo?"
144568;"Dawn of the Zeds (Second edition)"
144592;"Bruxelles 1893"
144632;"City Council"
144728;"Adventure Time Card Wars: Finn vs. Jake"
144733;"Russian Railroads"
144761;"Going\, Going\, GONE!"
144797;"Argent: The Consortium"
144826;"Zombie 15'"
144864;"Ascension: Darkness Unleashed"
145012;"Sultaniya"
145014;"Cardline: Globetrotter"
145086;"Shinobi Clans"
145189;"Timeline: Music & Cinema"
145203;"Prosperity"
145308;"Marrying Mr. Darcy"
145588;"Citrus"
145633;"Ascension: Apprentice Edition"
145639;"Coconuts"
145642;"The Cards of Cthulhu"
145645;"Le Fantôme de l'Opéra"
145659;"Scoville"
145888;"CapCom Street Fighter Deck-Building Game"
145928;"Empire Engine"
145975;"Hoplite"
145976;"Talon"
146021;"Eldritch Horror"
146130;"Coin Age"
146149;"Speed Cups"
146221;"Forge War"
146278;"Tash-Kalar: Arena of Legends"
146312;"Ghost Fightin' Treasure Hunters"
146408;"Sentinel Tactics: The Flame of Freedom"
146418;"Warhammer: Diskwars"
146439;"BattleLore (Second Edition)"
146508;"T.I.M.E Stories"
146579;"Quilt Show"
146652;"Legendary Encounters: An Alien Deck Building Game"
146725;"Golem Arcana"
146735;"Munchkin Adventure Time"
146784;"Dark Gothic"
146791;"Shadows of Brimstone: City of the Ancients"
146816;"Sanssouci"
146886;"La Granja"
147020;"Star Realms"
147021;"Hollywood"
147030;"World of Tanks: Rush"
147116;"The Witcher Adventure Game"
147151;"Concept"
147154;"Blue Moon Legends"
147170;"El Grande Decennial Edition"
147253;"The Ancient World"
147299;"Pocket Imperium"
147303;"Carcassonne: South Seas"
147370;"Robot Turtles"
147431;"Cubist"
147451;"Field of Glory: The Card Game"
147523;"Risk Battlefield Rogue"
147623;"Friese's Landlord"
147716;"Mars Attacks: The Miniatures Game"
147747;"Super Fantasy: Ugly Snouts Assault"
147768;"Fünf Gurken"
147790;"Buccaneer Bones"
147930;"King & Assassins"
147949;"One Night Ultimate Werewolf"
148036;"Risk: Plants vs. Zombies"
148203;"Dutch Blitz"
148205;"Penny Press"
148228;"Splendor"
148290;"Longhorn"
148291;"Trieste"
148319;"Tragedy Looper"
148532;"Geistesblitz 5 vor 12"
148575;"Marvel Dice Masters: Avengers vs. X-Men"
148601;"1944: Race to the Rhine"
148943;"Coup: Rebellion G54"
148949;"Istanbul"
148951;"Tiny Epic Kingdoms"
149119;"Spirits of the Rice Paddy"
149130;"Monster Fluxx"
149155;"Dead Man's Draw"
149241;"Assault on Doomrock"
149620;"Advanced Squad Leader: Starter Kit Historical Module 1 – Decision at Elst"
149809;"Escape: Zombie City"
149853;"Bullfrogs"
149951;"Warfighter: The Tactical Special Forces Card Game"
150145;"Skull King"
150146;"Rattlebones"
150298;"One Zero One"
150312;"Welcome to the Dungeon"
150364;"Dig Down Dwarf"
150376;"Dead of Winter: A Crossroads Game"
150485;"Cat Tower"
150658;"Pandemic: The Cure"
150690;"Templar Intrigue"
150783;"Antidote"
150926;"Roll Through the Ages: The Iron Age"
150997;"Shadows of Brimstone: Swamps of Death"
150999;"Valley of the Kings"
151004;"Smash Up: Science Fiction Double Feature"
151007;"Pathfinder Adventure Card Game: Skull & Shackles – Base Set"
151022;"Baseball Highlights: 2045"
151151;"Epic Resort"
151247;"Greed"
151347;"Millennium Blades"
152053;"Lagoon: Land of Druids"
152162;"Diamonds"
152237;"Pairs"
152242;"Ultimate Werewolf: Deluxe Edition"
152470;"Fief: France 1429"
152510;"The Lord of the Rings: The Return of the King Deck-Building Game"
152757;"Doodle Quest"
152758;"Penguin"
152765;"Thunderstone Advance: Worlds Collide"
152847;"Shinobi WAT-AAH!"
152899;"Pixel Tactics 3"
152959;"The Settlers of Catan: 15th Anniversary Wood Edition"
153016;"Telestrations: 12 Player Party Pack"
153064;"Good Cop Bad Cop"
153065;"Linko!"
153097;"Heroes Wanted"
153318;"Dimension"
153425;"North Wind"
153497;"This Town Ain't Big Enough for the 2-4 of Us"
153507;"Terra"
153623;"Limes"
153639;"Zeppelin Attack!"
153724;"Pie Factory"
153737;"Ships"
153912;"Mystery of the Abbey with The Pilgrims' Chronicles"
153938;"Camel Up"
153999;"...and then\, we held hands."
154003;"Pagoda"
154086;"Gold West"
154125;"Pocket Battles: Confederacy vs Union"
154182;"Helios"
154203;"Imperial Settlers"
154246;"La Isla"
154259;"Province"
154301;"The Battle at Kemble's Cascade"
154386;"Medieval Academy"
154443;"Madame Ching"
154458;"Akrotiri"
154479;"Piña Pirata"
154509;"Kingsport Festival"
154510;"Shadows of Malice"
154560;"Adventure Time Card Wars: BMO vs. Lady Rainicorn"
154597;"Hive Pocket"
154600;"Desperados of Dice Town"
154634;"Yardmaster"
154809;"Nippon"
154825;"Arkwright"
154875;"Silent Victory: U.S. Submarines in the Pacific\, 1941-45"
154892;"Loonacy"
154901;"The Fittest"
154902;"Diner"
154904;"Easy Breezy Travel Agency"
154905;"Brew Crafters: The Travel Card Game"
154906;"Isle of Trains"
155068;"Arcadia Quest"
155119;"Mars Attacks: The Dice Game"
155173;"Subdivision"
155255;"Pax Pamir"
155362;"Ca$h 'n Guns (second edition)"
155426;"Castles of Mad King Ludwig"
155463;"DC Comics Deck-Building Game: Forever Evil"
155624;"Specter Ops"
155689;"Dungeons & Dragons: Attack Wing"
155693;"Game of Thrones: Westeros Intrigue"
155695;"Age of War"
155702;"Quarriors! Light vs. Dark"
155703;"Evolution"
155708;"Tiny Epic Defenders"
155731;"Tokaido Collector's Edition"
155873;"Power Grid deluxe: Europe/North America"
155969;"Harbour"
155987;"Abyss"
156009;"Port Royal"
156091;"Sons of Anarchy: Men of Mayhem"
156129;"Deception: Murder in Hong Kong"
156180;"Eggs and Empires"
156336;"Onirim"
156373;"Chimera"
156442;"Asking for Trobils"
156455;"Viticulture: Complete Collector's Edition"
156496;"March of the Ants"
156501;"Greenland"
156546;"Monikers"
156548;"Super Dungeon Explore: Forgotten King"
156566;"Lords of Xidit"
156689;"Legendary: Villains – A Marvel Deck Building Game"
156714;"Doomtown: Reloaded"
156776;"Warhammer 40\,000: Conquest"
156786;"Munchkin Panic"
156840;"Clinic"
156943;"Saint Petersburg (second edition)"
156976;"Planes"
157001;"Trains: Rising Sun"
157026;"Ascension: Realms Unraveled"
157088;"ESSEN The Game: SPIEL'13"
157096;"Historia"
157322;"Dice Brewing"
157354;"Five Tribes"
157403;"Black Fleet"
157526;"Viceroy"
157789;"Pandemic: Contagion"
157809;"Nations: The Dice Game"
157820;"Escape: The Curse of the Temple – Big Box"
157912;"Rise to Power"
157917;"The Lord of the Ice Garden"
157958;"DungeonQuest Revised Edition"
157969;"Sheriff of Nottingham"
158109;"Onward to Venus"
158243;"Dragon Slayer"
158275;"Marvel Dice Masters: Uncanny X-Men"
158339;"Lost Legacy: The Starship"
158340;"Lost Legacy: Flying Garden"
158435;"Dogs of War"
158572;"Waggle Dance"
158742;"Yardmaster Express"
158889;"Summoner Wars: Alliances Master Set"
158899;"Colt Express"
158900;"Samurai Spirit"
158915;"GEM"
158916;"TAJ"
158982;"Blue Max: World War I Air Combat"
159059;"The King's Abbey"
159109;"XenoShyft: Onslaught"
159143;"HUE"
159406;"Portal: The Uncooperative Cake Acquisition Game"
159473;"Quartermaster General"
159503;"The Captain Is Dead"
159508;"AquaSphere"
159632;"Strife: Legacy of the Eternals"
159675;"Fields of Arle"
160018;"Smash Up: Monster Smash"
160069;"Ticket to Ride: 10th Anniversary"
160081;"Dungeon Saga: Dwarf King's Quest"
160418;"Wing Leader: Victories 1940-1942"
160477;"Onitama"
160495;"ZhanGuo"
160499;"King of New York"
160561;"Versailles"
160567;"BANG!: The Walking Dead"
160610;"Thunderbirds"
160669;"Town Center (4th edition)"
160744;"Far Space Foundry"
160784;"Fidelitas"
160851;"Lanterns: The Harvest Festival"
160902;"Dungeons & Dragons Dice Masters: Battle for Faerûn"
160958;"DC Comics Deck-Building Game: Rivals – Batman vs The Joker"
160964;"Star Wars: Empire vs. Rebellion"
160968;"Homeland: The Game"
161226;"The Builders: Antiquity"
161383;"LIE"
161417;"Red7"
161546;"Timeline: American History"
161547;"Timeline: Americana"
161578;"[redacted]"
161614;"Stockpile"
161617;"Dungeon Lords: Happy Anniversary"
161757;"New Salem"
161866;"Zombicide Season 3: Rue Morgue"
161926;"Dead Drop"
161936;"Pandemic Legacy: Season 1"
161970;"Alchemists"
162007;"Steampunk Rally"
162009;"The U.S. Civil War"
162082;"Deus"
162093;"I Hate Zombies"
162107;"Doodle City"
162263;"Temporum"
162286;"Super Motherload"
162388;"BattleCON: Fate of Indines"
162559;"Smash Up: Munchkin"
162823;"El Gaucho"
163027;"Loop Inc."
163068;"Trickerion: Legends of Illusion"
163081;"Galaxy of Trian"
163166;"One Night Ultimate Werewolf Daybreak"
163170;"Firefly: Shiny Dice"
163354;"Cypher"
163370;"Carcassonne: Gold Rush"
163412;"Patchwork"
163413;"Murano"
163602;"XCOM: The Board Game"
163640;"Eminent Domain: Microcosm"
163745;"Star Wars: Armada"
163920;"Gaïa"
163929;"Coconuts Duo"
163930;"Abraca...what?"
163931;"Grog Island"
163967;"Tiny Epic Galaxies"
163968;"Elysium"
163976;"Exoplanets"
164127;"Carcassonne Big Box 5"
164153;"Star Wars: Imperial Assault"
164159;"BUS"
164265;"Witness"
164338;"The Golden Ages"
164506;"Biblios Dice"
164812;"Roll For It! Deluxe Edition"
164865;"B-Sieged: Sons of the Abyss"
164928;"Orléans"
165401;"Wir sind das Volk!"
165404;"Dragonscroll"
165477;"Orcs Orcs Orcs"
165657;"Melee"
165838;"Space Hulk (fourth edition)"
165872;"Liberty or Death: The American Insurrection"
165948;"Mangrovia"
165950;"Beasty Bar"
165986;"Royals"
166109;"Meteor"
166158;"Dark Tales"
166202;"Bomb Squad Academy"
166226;"The Staufer Dynasty"
166286;"Bottom of the 9th"
166372;"Artificium"
166384;"Spyfall"
166669;"San Juan (second edition)"
166857;"Antike II"
167270;"Medina (second edition)"
167400;"Ashes: Rise of the Phoenixborn"
167513;"Barony"
167698;"Magic: The Gathering – Arena of the Planeswalkers"
167763;"DC Comics Deck-Building Game: Teen Titans"
168274;"Mistfall"
168433;"The World of Smog: On Her Majesty's Service"
168435;"Between Two Cities"
168584;"Love Letter: Batman"
168609;"Artifacts\, Inc."
168679;"Flip City"
168700;"Kigi"
168770;"Epic PVP: Fantasy"
168788;"Rum & Bones"
168839;"Die Kutschfahrt zur Teufelsburg"
168917;"Smash Up: Pretty Pretty Smash Up"
168998;"Marvel Dice Masters: Age of Ultron"
169124;"Flick 'em Up!"
169255;"A Game of Thrones: The Card Game (Second Edition)"
169274;"Pixel Tactics Deluxe"
169416;"Pathfinder Adventure Card Game: Wrath of the Righteous – Base Set"
169611;"Love Letter: The Hobbit – The Battle of the Five Armies"
169654;"Deep Sea Adventure"
169704;"Vault Wars"
169786;"Scythe"
169794;"Haspelknecht"
170042;"Raiders of the North Sea"
170146;"Dark Seas"
170202;"Floating Market"
170216;"Blood Rage"
170318;"Among the Stars: Revival"
170561;"Valeria: Card Kingdoms"
171011;"Favor of the Pharaoh"
171129;"Spinderella"
171233;"The Big Book of Madness"
171273;"FUSE"
171339;"Entropy"
171499;"Cacao"
171623;"The Voyages of Marco Polo"
171662;"Neanderthal"
171668;"The Grizzled"
171669;"Discoveries"
171672;"Why First?"
171835;"Posthuman"
171879;"Kraftwagen"
171890;"Best Treehouse Ever"
171905;"Orléans: Deluxe Edition"
171908;"El Grande Big Box"
172032;"Bottlecap Vikings"
172062;"Fairytale Gloom"
172081;"Burgle Bros."
172155;"Ascension: Dawn of Champions"
172220;"Dungeons & Dragons: Temple of Elemental Evil Board Game"
172225;"Exploding Kittens"
172242;"Exploding Kittens: NSFW Deck"
172287;"Champions of Midgard"
172308;"Broom Service"
172381;"My Village"
172385;"Porta Nigra"
172386;"Mombasa"
172503;"Mage Wars Academy"
172546;"Parfum"
172547;"Queen's Architect"
172818;"Above and Below"
172933;"Dragonwood"
172996;"The King Is Dead"
173047;"Nevermore"
173064;"Leaving Earth"
173090;"The Game: Are you ready to play The Game?"
173101;"Council of Four"
173105;"The Great War"
173156;"Timeline Challenge"
173200;"Epic Spell Wars of the Battle Wizards: Rumble at Castle Tentakill"
173275;"Ghostbusters: The Board Game"
173294;"DC Comics Dice Masters: War of Light"
173319;"Lost Legacy: Second Chronicle – Vorpal Sword & Whitegold Spire"
173341;"Loopin' Chewie"
173346;"7 Wonders: Duel"
173442;"Empires: Age of Discovery"
173634;"The Red Dragon Inn 5"
173875;"Superfight: The Loot Crate Deck"
174226;"Arctic Scavengers: Base Game+HQ+Recon"
174458;"Baseball Highlights: 2045 – Deluxe Edition"
174476;"10' to Kill"
174570;"Legendary Encounters: A Predator Deck Building Game"
174614;"Apotheca"
174660;"New York 1901"
174973;"Boss Monster 2: The Next Level"
175117;"Celestia"
175155;"Forbidden Stars"
175199;"Mottainai"
175223;"Valley of the Kings: Afterlife"
175239;"Machi Koro: Deluxe Edition"
175293;"Trambahn"
175307;"Adventure Time Love Letter"
175549;"Salem"
175621;"Epic Card Game"
175846;"Deck Building: The Deck Building Game"
175878;"504"
175914;"Food Chain Magnate"
175961;"Three Cheers for Master"
176165;"Dale of Merchants"
176189;"Zombicide: Black Plague"
176229;"Tides of Time"
176334;"Guns & Steel"
176361;"One Night Revolution"
176396;"Quadropolis"
176494;"Isle of Skye: From Chieftain to King"
176544;"Automania"
176558;"Mafia de Cuba"
176565;"Ninja Camp"
176606;"Rattle\, Battle\, Grab the Loot"
176920;"Mission: Red Planet (second edition)"
177147;"Survive: Space Attack!"
177352;"Carson City: Big Box"
177478;"IKI"
177499;"WWE Superstar Showdown"
177639;"Raptor"
177678;"Signorie"
177802;"Smash Up: It's Your Fault!"
178054;"A Study in Emerald (second edition)"
178210;"Batman Fluxx"
178613;"Star Trek: Five-Year Mission"
178892;"Vs. System 2PCG"
178900;"Codenames"
178944;"BATTALIA: The Creation"
179303;"Cthulhu Realms"
179460;"Stronghold (2nd edition)"
179572;"Dice City"
179820;"Tail Feathers"
180198;"Rolling America"
180511;"Shakespeare"
180564;"Carcassonne: Star Wars"
180592;"Steam Time"
180593;"The Bloody Inn"
180680;"Automobiles"
180956;"One Night Ultimate Vampire"
180974;"Potion Explosion"
181279;"Fury of Dracula (third edition)"
181304;"Mysterium"
181521;"Warhammer Quest: The Adventure Card Game"
181530;"Runebound (Third Edition)"
181761;"Pi mal Pflaumen"
181796;"The Prodigals Club"
181797;"Inhabit the Earth"
181810;"Kodama: The Tree Spirits"
182028;"Through the Ages: A New Story of Civilization"
182189;"Treasure Hunter"
182631;"Star Realms: Colony Wars"
182874;"Grand Austria Hotel"
183006;"Qwinto"
183231;"Adventure Land"
183251;"Karuba"
183394;"Viticulture Essential Edition"
183562;"Star Wars: X-Wing Miniatures Game – The Force Awakens Core Set"
183778;"Star Patrol: Carrier Commander"
183840;"Oh My Goods!"
183880;"Risk: Star Wars Edition"
184424;"Mega Civilization"
187645;"Star Wars: Rebellion"
188834;"Secret Hitler"
191300;"Archaeology: The New Expedition"
191977;"The Castles of Burgundy: The Card Game"
195137;"Catacombs (third edition)"
